framenr,riders,numbers,boxes
1,"['Christophe LAPORTE', 'Christophe LAPORTE', 'Jonas RUTSCH', 'Jonas RUTSCH', 'Thomas PIDCOCK', 'Gianni VERMEERSCH']","['14', '14', '97', '97', '61', '6']","[(630, 392, 679, 457), (705, 392, 761, 458), (1334, 449, 1434, 537), (1458, 436, 1557, 526), (1105, 398, 1172, 459), (1166, 401, 1237, 456)]"
2,"['Christophe LAPORTE', 'Christophe LAPORTE', 'Jonas RUTSCH', 'Jonas RUTSCH', 'Thomas PIDCOCK', 'Gianni VERMEERSCH']","['14', '14', '97', '97', '61', '6']","[(627, 396, 675, 463), (702, 398, 759, 464), (1341, 457, 1443, 550), (1465, 442, 1563, 538), (1098, 407, 1165, 466), (1160, 412, 1228, 467)]"
3,"['Christophe LAPORTE', 'Christophe LAPORTE', 'Jonas RUTSCH', 'Jonas RUTSCH', 'Thomas PIDCOCK', 'Gianni VERMEERSCH']","['14', '14', '97', '97', '61', '6']","[(627, 404, 676, 472), (702, 403, 758, 470), (1347, 463, 1453, 559), (1471, 451, 1578, 550), (1092, 416, 1157, 472), (1152, 421, 1219, 474)]"
4,"['Christophe LAPORTE', 'Christophe LAPORTE', 'Jonas RUTSCH', 'Jonas RUTSCH', 'Thomas PIDCOCK', 'Gianni VERMEERSCH']","['14', '14', '97', '97', '61', '6']","[(627, 408, 675, 472), (700, 404, 757, 472), (1354, 466, 1458, 557), (1478, 454, 1584, 549), (1083, 419, 1146, 478), (1140, 422, 1211, 479)]"
5,"['Christophe LAPORTE', 'Christophe LAPORTE', 'Jonas RUTSCH', 'Jonas RUTSCH', 'Thomas PIDCOCK', 'Gianni VERMEERSCH']","['14', '14', '97', '97', '61', '6']","[(626, 409, 674, 474), (700, 404, 757, 473), (1356, 472, 1464, 561), (1482, 457, 1586, 556), (1076, 418, 1142, 478), (1136, 423, 1205, 482)]"
6,"['Christophe LAPORTE', 'Christophe LAPORTE', 'Jonas RUTSCH', 'Jonas RUTSCH', 'Thomas PIDCOCK', 'Gianni VERMEERSCH']","['14', '14', '97', '97', '61', '6']","[(622, 414, 670, 478), (696, 410, 754, 474), (1358, 478, 1473, 572), (1484, 462, 1592, 564), (1069, 421, 1135, 482), (1130, 425, 1196, 486)]"
7,"['Michael GOGL', 'Christophe LAPORTE', 'Jonas RUTSCH', 'Jonas RUTSCH', 'Thomas PIDCOCK', 'Gianni VERMEERSCH']","['4', '14', '97', '97', '61', '6']","[(620, 416, 670, 484), (696, 416, 754, 481), (1361, 485, 1472, 578), (1482, 466, 1594, 573), (1067, 427, 1129, 486), (1122, 430, 1193, 494)]"
8,"['Michael GOGL', 'Christophe LAPORTE', 'Jonas RUTSCH', 'Jonas RUTSCH', 'Thomas PIDCOCK', 'Gianni VERMEERSCH']","['4', '14', '97', '97', '61', '6']","[(620, 420, 669, 490), (696, 419, 753, 483), (1361, 490, 1472, 582), (1482, 470, 1594, 575), (1059, 431, 1123, 495), (1118, 435, 1184, 497)]"
9,"['Michael GOGL', 'Christophe LAPORTE', 'Jonas RUTSCH', 'Jonas RUTSCH', 'Thomas PIDCOCK', 'Gianni VERMEERSCH']","['4', '14', '97', '97', '61', '6']","[(618, 421, 670, 491), (695, 421, 753, 485), (1360, 493, 1470, 581), (1481, 471, 1592, 576), (1053, 437, 1118, 498), (1112, 438, 1178, 499)]"
10,"['Michael GOGL', 'Christophe LAPORTE', 'Jonas RUTSCH', 'Jonas RUTSCH', 'Thomas PIDCOCK', 'Gianni VERMEERSCH']","['4', '14', '97', '97', '61', '6']","[(617, 421, 669, 489), (690, 417, 751, 484), (1358, 493, 1469, 580), (1479, 470, 1590, 573), (1050, 436, 1117, 497), (1110, 437, 1174, 497)]"
11,"['Michael GOGL', 'Christophe LAPORTE', 'Jonas RUTSCH', 'Jonas RUTSCH', 'Thomas PIDCOCK', 'Gianni VERMEERSCH']","['4', '14', '97', '97', '61', '6']","[(612, 417, 664, 482), (687, 414, 748, 482), (1358, 489, 1467, 581), (1480, 467, 1587, 571), (1044, 432, 1109, 493), (1100, 435, 1171, 492)]"
12,"['Michael GOGL', 'Christophe LAPORTE', 'Jonas RUTSCH', 'Jonas RUTSCH', 'Thomas PIDCOCK', 'Gianni VERMEERSCH']","['4', '14', '97', '97', '61', '6']","[(605, 412, 655, 478), (683, 412, 745, 479), (1358, 482, 1468, 578), (1480, 464, 1585, 568), (1035, 429, 1098, 491), (1088, 428, 1154, 486)]"
13,"['Michael GOGL', 'Christophe LAPORTE', 'Jonas RUTSCH', 'Jonas RUTSCH', 'Thomas PIDCOCK', 'Gianni VERMEERSCH']","['4', '14', '97', '97', '61', '6']","[(598, 408, 652, 475), (677, 411, 740, 476), (1357, 477, 1465, 573), (1481, 462, 1585, 561), (1028, 426, 1092, 486), (1082, 425, 1147, 482)]"
14,"['Michael GOGL', 'Christophe LAPORTE', 'Jonas RUTSCH', 'Jonas RUTSCH', 'Thomas PIDCOCK', 'Gianni VERMEERSCH']","['4', '14', '97', '97', '61', '6']","[(597, 403, 648, 472), (673, 405, 735, 474), (1356, 472, 1465, 568), (1480, 459, 1582, 560), (1022, 421, 1085, 482), (1079, 422, 1145, 477)]"
15,"['Michael GOGL', 'Christophe LAPORTE', 'Jonas RUTSCH', 'Jonas RUTSCH', 'Thomas PIDCOCK', 'Gianni VERMEERSCH']","['4', '14', '97', '97', '61', '6']","[(595, 396, 648, 465), (671, 400, 734, 467), (1357, 468, 1461, 567), (1478, 453, 1581, 552), (1013, 413, 1075, 476), (1071, 413, 1139, 471)]"
16,"['Michael GOGL', 'Christophe LAPORTE', 'Jonas RUTSCH', 'Jonas RUTSCH', 'Thomas PIDCOCK', 'Gianni VERMEERSCH']","['4', '14', '97', '97', '61', '6']","[(595, 392, 647, 459), (671, 396, 731, 461), (1358, 468, 1458, 557), (1480, 454, 1580, 553), (1007, 408, 1072, 472), (1068, 409, 1133, 467)]"
17,"['Christophe LAPORTE', 'Christophe LAPORTE', 'Jonas RUTSCH', 'Jonas RUTSCH', 'Thomas PIDCOCK', 'Gianni VERMEERSCH']","['14', '14', '97', '97', '61', '6']","[(594, 391, 644, 456), (668, 391, 728, 458), (1358, 466, 1459, 554), (1480, 449, 1581, 553), (1003, 402, 1068, 464), (1063, 398, 1127, 459)]"
18,"['Christophe LAPORTE', 'Christophe LAPORTE', 'Jonas RUTSCH', 'Jonas RUTSCH', 'Thomas PIDCOCK', 'Gianni VERMEERSCH']","['14', '14', '97', '97', '61', '6']","[(594, 391, 644, 455), (669, 389, 729, 457), (1361, 461, 1464, 553), (1483, 445, 1584, 554), (1001, 399, 1064, 461), (1058, 400, 1123, 459)]"
19,"['Christophe LAPORTE', 'Christophe LAPORTE', 'Jonas RUTSCH', 'Jonas RUTSCH', 'Thomas PIDCOCK', 'Gianni VERMEERSCH']","['14', '14', '97', '97', '61', '6']","[(594, 394, 645, 458), (668, 391, 728, 457), (1363, 455, 1471, 544), (1484, 444, 1590, 552), (998, 400, 1059, 460), (1053, 400, 1119, 459)]"
20,"['Christophe LAPORTE', 'Christophe LAPORTE', 'Jonas RUTSCH', 'Jonas RUTSCH', 'Thomas PIDCOCK', 'Gianni VERMEERSCH']","['14', '14', '97', '97', '61', '6']","[(591, 394, 644, 462), (667, 392, 726, 459), (1361, 448, 1476, 541), (1490, 436, 1593, 545), (997, 400, 1058, 459), (1049, 401, 1118, 461)]"
21,"['Christophe LAPORTE', 'Christophe LAPORTE', 'Jonas RUTSCH', 'Jonas RUTSCH', 'Thomas PIDCOCK', 'Gianni VERMEERSCH']","['14', '14', '97', '97', '61', '6']","[(589, 394, 643, 461), (665, 390, 727, 457), (1363, 443, 1475, 536), (1492, 432, 1595, 533), (994, 397, 1057, 458), (1047, 397, 1116, 461)]"
22,"['Christophe LAPORTE', 'Christophe LAPORTE', 'Jonas RUTSCH', 'Jonas RUTSCH', 'Thomas PIDCOCK', 'Gianni VERMEERSCH']","['14', '14', '97', '97', '61', '6']","[(587, 394, 639, 459), (663, 386, 723, 452), (1361, 437, 1475, 533), (1486, 428, 1594, 531), (985, 395, 1052, 457), (1045, 397, 1113, 458)]"
23,"['Christophe LAPORTE', 'Christophe LAPORTE', 'Jonas RUTSCH', 'Jonas RUTSCH', 'Thomas PIDCOCK', 'Gianni VERMEERSCH']","['14', '14', '97', '97', '61', '6']","[(581, 388, 634, 456), (659, 382, 719, 448), (1360, 433, 1473, 526), (1485, 420, 1593, 529), (984, 386, 1047, 449), (1041, 389, 1109, 449)]"
24,"['Michael GOGL', 'Christophe LAPORTE', 'Jonas RUTSCH', 'Jonas RUTSCH', 'Thomas PIDCOCK', 'Gianni VERMEERSCH']","['4', '14', '97', '97', '61', '6']","[(572, 380, 627, 449), (651, 376, 712, 442), (1357, 430, 1468, 523), (1479, 416, 1592, 527), (981, 379, 1045, 439), (1041, 383, 1106, 444)]"
25,"['Michael GOGL', 'Christophe LAPORTE', 'Jonas RUTSCH', 'Jonas RUTSCH', 'Thomas PIDCOCK', 'Gianni VERMEERSCH']","['4', '14', '97', '97', '61', '6']","[(567, 375, 623, 443), (647, 371, 707, 435), (1348, 424, 1462, 517), (1474, 411, 1580, 516), (977, 372, 1043, 431), (1035, 376, 1102, 436)]"
26,"['Michael GOGL', 'Christophe LAPORTE', 'Jonas RUTSCH', 'Jonas RUTSCH', 'Thomas PIDCOCK', 'Gianni VERMEERSCH']","['4', '14', '97', '97', '61', '6']","[(558, 371, 614, 436), (639, 367, 700, 433), (1339, 419, 1457, 513), (1462, 407, 1572, 507), (974, 369, 1035, 424), (1029, 367, 1100, 429)]"
27,"['Michael GOGL', 'Christophe LAPORTE', 'Jonas RUTSCH', 'Jonas RUTSCH', 'Thomas PIDCOCK', 'Gianni VERMEERSCH']","['4', '14', '97', '97', '61', '6']","[(551, 363, 606, 431), (628, 360, 691, 429), (1330, 412, 1445, 494), (1454, 393, 1563, 496), (971, 360, 1032, 419), (1026, 364, 1100, 422)]"
28,"['Michael GOGL', 'Christophe LAPORTE', 'Jonas RUTSCH', 'Jonas RUTSCH', 'Thomas PIDCOCK', 'Gianni VERMEERSCH']","['4', '14', '97', '97', '61', '6']","[(541, 356, 600, 425), (622, 356, 685, 425), (1320, 405, 1443, 489), (1442, 386, 1551, 483), (962, 358, 1027, 415), (1022, 360, 1095, 415)]"
29,"['Michael GOGL', 'Christophe LAPORTE', 'Jonas RUTSCH', 'Jonas RUTSCH', 'Thomas PIDCOCK', 'Gianni VERMEERSCH']","['4', '14', '97', '97', '61', '6']","[(532, 349, 591, 420), (612, 353, 677, 423), (1312, 397, 1424, 484), (1437, 379, 1540, 478), (959, 353, 1024, 412), (1016, 351, 1079, 408)]"
30,"['Michael GOGL', 'Christophe LAPORTE', 'Jonas RUTSCH', 'Jonas RUTSCH', 'Thomas PIDCOCK', 'Gianni VERMEERSCH']","['4', '14', '97', '97', '61', '6']","[(526, 345, 582, 414), (607, 346, 670, 417), (1306, 383, 1415, 471), (1432, 367, 1537, 472), (949, 348, 1019, 407), (1016, 351, 1079, 408)]"
31,"['Michael GOGL', 'Christophe LAPORTE', 'Jonas RUTSCH', 'Jonas RUTSCH', 'Thomas PIDCOCK', 'Gianni VERMEERSCH']","['4', '14', '97', '97', '61', '6']","[(522, 332, 578, 402), (602, 335, 665, 406), (1302, 374, 1410, 466), (1429, 361, 1531, 460), (946, 335, 1008, 396), (1016, 351, 1079, 408)]"
32,"['Michael GOGL', 'Christophe LAPORTE', 'Jonas RUTSCH', 'Jonas RUTSCH', 'Thomas PIDCOCK']","['4', '14', '97', '97', '61']","[(516, 319, 575, 387), (596, 320, 661, 392), (1295, 365, 1403, 463), (1423, 351, 1528, 457), (938, 320, 1003, 383)]"
33,"['Michael GOGL', 'Christophe LAPORTE', 'Jonas RUTSCH', 'Jonas RUTSCH', 'Thomas PIDCOCK', 'Gianni VERMEERSCH']","['4', '14', '97', '97', '61', '6']","[(509, 309, 567, 376), (588, 307, 654, 380), (1292, 354, 1396, 445), (1419, 340, 1519, 443), (929, 308, 999, 371), (989, 305, 1054, 362)]"
34,"['Michael GOGL', 'Christophe LAPORTE', 'Jonas RUTSCH', 'Jonas RUTSCH', 'Thomas PIDCOCK', 'Gianni VERMEERSCH']","['4', '14', '97', '97', '61', '6']","[(503, 296, 559, 365), (583, 297, 647, 368), (1287, 347, 1389, 436), (1414, 333, 1516, 436), (926, 297, 992, 362), (985, 296, 1053, 353)]"
35,"['Michael GOGL', 'Christophe LAPORTE', 'Jonas RUTSCH', 'Jonas RUTSCH', 'Thomas PIDCOCK', 'Gianni VERMEERSCH']","['4', '14', '97', '97', '61', '6']","[(500, 289, 553, 358), (578, 290, 640, 358), (1284, 334, 1385, 434), (1409, 323, 1511, 431), (923, 287, 984, 351), (978, 285, 1049, 345)]"
36,"['Michael GOGL', 'Christophe LAPORTE', 'Jonas RUTSCH', 'Jonas RUTSCH', 'Thomas PIDCOCK', 'Gianni VERMEERSCH']","['4', '14', '97', '97', '61', '6']","[(496, 286, 548, 352), (575, 284, 637, 353), (1282, 332, 1385, 431), (1407, 317, 1510, 432), (915, 283, 976, 345), (975, 283, 1041, 339)]"
37,"['Michael GOGL', 'Christophe LAPORTE', 'Jonas RUTSCH', 'Jonas RUTSCH', 'Thomas PIDCOCK', 'Gianni VERMEERSCH']","['4', '14', '97', '97', '61', '6']","[(494, 281, 548, 347), (573, 279, 636, 349), (1283, 329, 1392, 430), (1409, 318, 1513, 432), (915, 280, 974, 340), (973, 280, 1039, 338)]"
38,"['Michael GOGL', 'Christophe LAPORTE', 'Jonas RUTSCH', 'Jonas RUTSCH', 'Thomas PIDCOCK', 'Gianni VERMEERSCH']","['4', '14', '97', '97', '61', '6']","[(493, 278, 548, 345), (570, 275, 633, 343), (1285, 321, 1400, 424), (1413, 317, 1521, 428), (913, 277, 974, 339), (972, 278, 1039, 336)]"
39,"['Michael GOGL', 'Christophe LAPORTE', 'Jonas RUTSCH', 'Jonas RUTSCH', 'Thomas PIDCOCK', 'Gianni VERMEERSCH']","['4', '14', '97', '97', '61', '6']","[(493, 279, 548, 344), (570, 276, 633, 341), (1289, 320, 1403, 423), (1415, 316, 1521, 418), (914, 276, 975, 338), (974, 278, 1040, 337)]"
40,"['Michael GOGL', 'Christophe LAPORTE', 'Jonas RUTSCH', 'Jonas RUTSCH', 'Thomas PIDCOCK', 'Gianni VERMEERSCH']","['4', '14', '97', '97', '61', '6']","[(493, 276, 549, 343), (572, 274, 633, 340), (1292, 322, 1407, 424), (1425, 318, 1524, 422), (917, 277, 979, 337), (976, 277, 1043, 336)]"
41,"['Michael GOGL', 'Christophe LAPORTE', 'Jonas RUTSCH', 'Jonas RUTSCH', 'Thomas PIDCOCK', 'Gianni VERMEERSCH']","['4', '14', '97', '97', '61', '6']","[(493, 275, 549, 341), (572, 273, 634, 339), (1297, 333, 1409, 431), (1429, 327, 1528, 434), (923, 278, 985, 336), (978, 277, 1046, 338)]"
42,"['Michael GOGL', 'Christophe LAPORTE', 'Jonas RUTSCH', 'Jonas RUTSCH', 'Thomas PIDCOCK', 'Gianni VERMEERSCH']","['4', '14', '97', '97', '61', '6']","[(494, 271, 550, 338), (575, 270, 638, 338), (1306, 345, 1418, 438), (1432, 335, 1536, 438), (925, 277, 988, 336), (985, 279, 1049, 337)]"
43,"['Michael GOGL', 'Christophe LAPORTE', 'Jonas RUTSCH', 'Jonas RUTSCH', 'Thomas PIDCOCK', 'Gianni VERMEERSCH']","['4', '14', '97', '97', '61', '6']","[(498, 268, 554, 336), (580, 271, 640, 336), (1309, 359, 1424, 446), (1437, 346, 1544, 453), (930, 282, 990, 340), (988, 285, 1052, 342)]"
44,"['Michael GOGL', 'Christophe LAPORTE', 'Jonas RUTSCH', 'Jonas RUTSCH', 'Thomas PIDCOCK', 'Gianni VERMEERSCH']","['4', '14', '97', '97', '61', '6']","[(498, 268, 554, 336), (580, 271, 640, 336), (1310, 405, 1426, 488), (1440, 389, 1544, 488), (930, 282, 990, 340), (988, 285, 1052, 342)]"
45,"['Michael GOGL', 'Christophe LAPORTE', 'Jonas RUTSCH', 'Jonas RUTSCH', 'Thomas PIDCOCK', 'Gianni VERMEERSCH']","['4', '14', '97', '97', '61', '6']","[(498, 268, 554, 336), (580, 271, 640, 336), (1314, 433, 1427, 520), (1438, 417, 1546, 522), (930, 282, 990, 340), (988, 285, 1052, 342)]"
46,"['Jonas RUTSCH', 'Jonas RUTSCH', 'Michael GOGL']","['97', '97', '4']","[(1316, 451, 1432, 534), (1447, 431, 1550, 526), (596, 363, 660, 429)]"
47,"['Jonas RUTSCH', 'Jonas RUTSCH', 'Michael GOGL']","['97', '97', '4']","[(1323, 466, 1438, 553), (1454, 450, 1563, 552), (604, 384, 668, 452)]"
48,"['Jonas RUTSCH', 'Jonas RUTSCH', 'Michael GOGL', 'Thomas PIDCOCK', 'Christophe LAPORTE']","['97', '97', '4', '61', '14']","[(1332, 477, 1453, 568), (1464, 460, 1573, 567), (614, 394, 681, 463), (952, 406, 1022, 469), (532, 393, 593, 457)]"
49,"['Jonas RUTSCH', 'Jonas RUTSCH', 'Michael GOGL', 'Thomas PIDCOCK', 'Christophe LAPORTE', 'Gianni VERMEERSCH']","['97', '97', '4', '61', '14', '6']","[(1340, 481, 1457, 579), (1473, 464, 1584, 571), (624, 403, 691, 469), (961, 412, 1024, 474), (541, 396, 605, 463), (1020, 414, 1089, 468)]"
50,"['Jonas RUTSCH', 'Jonas RUTSCH', 'Christophe LAPORTE', 'Thomas PIDCOCK', 'Christophe LAPORTE', 'Gianni VERMEERSCH']","['97', '97', '14', '61', '14', '6']","[(1355, 486, 1467, 579), (1483, 471, 1598, 575), (637, 403, 704, 473), (971, 417, 1035, 475), (554, 398, 617, 467), (1029, 416, 1098, 468)]"
51,"['Jonas RUTSCH', 'Jonas RUTSCH', 'Christophe LAPORTE', 'Thomas PIDCOCK', 'Christophe LAPORTE', 'Gianni VERMEERSCH']","['97', '97', '14', '61', '14', '6']","[(1364, 485, 1482, 580), (1495, 468, 1614, 582), (649, 399, 718, 470), (978, 414, 1046, 472), (568, 399, 628, 468), (1039, 413, 1105, 467)]"
52,"['Jonas RUTSCH', 'Jonas RUTSCH', 'Christophe LAPORTE', 'Thomas PIDCOCK', 'Christophe LAPORTE', 'Gianni VERMEERSCH']","['97', '97', '14', '61', '14', '6']","[(1380, 479, 1500, 573), (1509, 464, 1625, 573), (663, 392, 732, 462), (984, 405, 1050, 468), (581, 395, 642, 462), (1046, 403, 1112, 459)]"
53,"['Jonas RUTSCH', 'Jonas RUTSCH', 'Christophe LAPORTE', 'Thomas PIDCOCK', 'Christophe LAPORTE', 'Gianni VERMEERSCH']","['97', '97', '14', '61', '14', '6']","[(1396, 470, 1507, 559), (1528, 458, 1633, 557), (676, 386, 746, 459), (997, 398, 1064, 459), (593, 391, 655, 459), (1054, 397, 1123, 450)]"
54,"['Jonas RUTSCH', 'Jonas RUTSCH', 'Christophe LAPORTE', 'Thomas PIDCOCK', 'Christophe LAPORTE', 'Gianni VERMEERSCH']","['97', '97', '14', '61', '14', '6']","[(1406, 465, 1524, 556), (1534, 450, 1648, 555), (687, 382, 756, 455), (999, 392, 1066, 455), (604, 389, 665, 458), (1060, 394, 1126, 447)]"
55,"['Jonas RUTSCH', 'Jonas RUTSCH', 'Christophe LAPORTE', 'Thomas PIDCOCK', 'Christophe LAPORTE', 'Gianni VERMEERSCH']","['97', '97', '14', '61', '14', '6']","[(1417, 458, 1536, 549), (1551, 448, 1663, 552), (695, 381, 762, 454), (1002, 388, 1070, 455), (612, 388, 672, 458), (1063, 393, 1131, 449)]"
56,"['Jonas RUTSCH', 'Jonas RUTSCH', 'Christophe LAPORTE', 'Thomas PIDCOCK', 'Christophe LAPORTE', 'Gianni VERMEERSCH']","['97', '97', '14', '61', '14', '6']","[(1432, 457, 1549, 546), (1562, 444, 1673, 553), (701, 385, 766, 454), (1008, 392, 1072, 458), (618, 390, 674, 460), (1068, 394, 1138, 450)]"
57,"['Jonas RUTSCH', 'Jonas RUTSCH', 'Christophe LAPORTE', 'Thomas PIDCOCK', 'Michael GOGL', 'Gianni VERMEERSCH']","['97', '97', '14', '61', '4', '6']","[(1440, 454, 1559, 553), (1573, 445, 1686, 552), (709, 390, 772, 460), (1010, 395, 1074, 460), (625, 396, 684, 464), (1070, 397, 1139, 456)]"
58,"['Jonas RUTSCH', 'Jonas RUTSCH', 'Christophe LAPORTE', 'Thomas PIDCOCK', 'Michael GOGL', 'Gianni VERMEERSCH']","['97', '97', '14', '61', '4', '6']","[(1451, 465, 1574, 561), (1577, 450, 1695, 555), (714, 400, 779, 469), (1015, 402, 1080, 468), (631, 405, 692, 476), (1072, 402, 1141, 463)]"
59,"['Jonas RUTSCH', 'Jonas RUTSCH', 'Christophe LAPORTE', 'Thomas PIDCOCK', 'Michael GOGL', 'Gianni VERMEERSCH']","['97', '97', '14', '61', '4', '6']","[(1458, 468, 1584, 563), (1588, 454, 1707, 560), (720, 409, 784, 478), (1020, 407, 1083, 473), (636, 413, 695, 483), (1076, 409, 1143, 469)]"
60,"['Jonas RUTSCH', 'Jonas RUTSCH', 'Christophe LAPORTE', 'Thomas PIDCOCK', 'Michael GOGL', 'Gianni VERMEERSCH']","['97', '97', '14', '61', '4', '6']","[(1466, 461, 1592, 553), (1595, 439, 1717, 550), (725, 409, 789, 482), (1022, 404, 1089, 468), (644, 411, 699, 482), (1080, 407, 1147, 463)]"
61,"['Jonas RUTSCH', 'Jonas RUTSCH', 'Christophe LAPORTE', 'Thomas PIDCOCK', 'Michael GOGL', 'Gianni VERMEERSCH']","['97', '97', '14', '61', '4', '6']","[(1471, 447, 1594, 535), (1600, 429, 1716, 530), (732, 395, 798, 469), (1022, 404, 1089, 468), (648, 396, 706, 466), (1079, 390, 1147, 449)]"
62,"['Jonas RUTSCH', 'Jonas RUTSCH', 'Christophe LAPORTE', 'Thomas PIDCOCK', 'Michael GOGL', 'Gianni VERMEERSCH']","['97', '97', '14', '61', '4', '6']","[(1472, 429, 1597, 514), (1601, 405, 1719, 509), (736, 373, 805, 449), (1022, 404, 1089, 468), (648, 396, 706, 466), (1079, 390, 1147, 449)]"
63,"['Jonas RUTSCH', 'Jonas RUTSCH', 'Christophe LAPORTE', 'Michael GOGL', 'Gianni VERMEERSCH']","['97', '97', '14', '4', '6']","[(1468, 402, 1596, 488), (1601, 405, 1719, 509), (739, 344, 806, 423), (648, 396, 706, 466), (1079, 390, 1147, 449)]"
64,"['Jonas RUTSCH', 'Jonas RUTSCH', 'Christophe LAPORTE', 'Michael GOGL', 'Mathieu VAN DER POEL']","['97', '97', '14', '4', '1']","[(1462, 375, 1588, 462), (1596, 350, 1718, 464), (744, 322, 809, 395), (662, 323, 718, 390), (1018, 320, 1083, 374)]"
65,"['Jonas RUTSCH', 'Jonas RUTSCH', 'Christophe LAPORTE', 'Michael GOGL', 'Mathieu VAN DER POEL']","['97', '97', '14', '4', '1']","[(1458, 349, 1588, 444), (1597, 328, 1710, 432), (747, 299, 814, 375), (666, 300, 721, 377), (1011, 296, 1081, 361)]"
66,"['Jonas RUTSCH', 'Jonas RUTSCH', 'Christophe LAPORTE', 'Michael GOGL', 'Mathieu VAN DER POEL']","['97', '97', '14', '4', '1']","[(1458, 330, 1585, 422), (1595, 307, 1712, 410), (749, 277, 819, 353), (668, 282, 722, 356), (1006, 276, 1076, 339)]"
67,"['Jonas RUTSCH', 'Jonas RUTSCH', 'Christophe LAPORTE', 'Michael GOGL', 'Mathieu VAN DER POEL']","['97', '97', '14', '4', '1']","[(1456, 310, 1581, 404), (1596, 288, 1709, 391), (750, 254, 821, 335), (668, 264, 725, 338), (1003, 259, 1072, 321)]"
68,"['Jonas RUTSCH', 'Jonas RUTSCH', 'Christophe LAPORTE', 'Michael GOGL', 'Mathieu VAN DER POEL', 'Gianni VERMEERSCH']","['97', '97', '14', '4', '1', '6']","[(1453, 295, 1576, 390), (1590, 271, 1709, 382), (752, 243, 824, 317), (673, 250, 725, 322), (995, 242, 1066, 308), (1056, 242, 1125, 299)]"
69,"['Jonas RUTSCH', 'Jonas RUTSCH', 'Christophe LAPORTE', 'Michael GOGL', 'Mathieu VAN DER POEL', 'Gianni VERMEERSCH']","['97', '97', '14', '4', '1', '6']","[(1451, 276, 1572, 377), (1583, 260, 1704, 366), (752, 230, 823, 307), (671, 244, 727, 317), (987, 225, 1057, 292), (1050, 225, 1120, 284)]"
70,"['Jonas RUTSCH', 'Jonas RUTSCH', 'Christophe LAPORTE', 'Michael GOGL', 'Mathieu VAN DER POEL', 'Gianni VERMEERSCH']","['97', '97', '14', '4', '1', '6']","[(1447, 264, 1566, 366), (1582, 244, 1700, 362), (749, 220, 822, 297), (670, 232, 726, 310), (980, 212, 1051, 281), (1050, 225, 1120, 284)]"
71,"['Jonas RUTSCH', 'Jonas RUTSCH', 'Christophe LAPORTE', 'Michael GOGL', 'Mathieu VAN DER POEL', 'Gianni VERMEERSCH']","['97', '97', '14', '4', '1', '6']","[(1445, 254, 1562, 352), (1582, 236, 1697, 340), (741, 208, 818, 289), (665, 224, 724, 302), (971, 203, 1044, 268), (1050, 225, 1120, 284)]"
72,"['Jonas RUTSCH', 'Jonas RUTSCH', 'Christophe LAPORTE', 'Michael GOGL', 'Mathieu VAN DER POEL']","['97', '97', '14', '4', '1']","[(1442, 239, 1563, 344), (1580, 224, 1697, 340), (739, 204, 816, 281), (659, 218, 721, 295), (957, 191, 1027, 259)]"
73,"['Jonas RUTSCH', 'Jonas RUTSCH', 'Christophe LAPORTE', 'Michael GOGL', 'Mathieu VAN DER POEL']","['97', '97', '14', '4', '1']","[(1437, 234, 1562, 341), (1576, 220, 1694, 338), (732, 200, 809, 274), (651, 213, 714, 292), (949, 188, 1024, 254)]"
74,"['Jonas RUTSCH', 'Jonas RUTSCH', 'Christophe LAPORTE', 'Michael GOGL', 'Mathieu VAN DER POEL']","['97', '97', '14', '4', '1']","[(1432, 235, 1559, 342), (1572, 220, 1691, 340), (722, 203, 797, 276), (643, 214, 706, 292), (940, 194, 1014, 261)]"
75,"['Jonas RUTSCH', 'Jonas RUTSCH', 'Christophe LAPORTE', 'Michael GOGL', 'Mathieu VAN DER POEL']","['97', '97', '14', '4', '1']","[(1429, 241, 1555, 348), (1572, 225, 1686, 338), (716, 209, 790, 287), (637, 223, 694, 296), (930, 196, 1004, 267)]"
76,"['Jonas RUTSCH', 'Jonas RUTSCH', 'Christophe LAPORTE', 'Michael GOGL', 'Mathieu VAN DER POEL']","['97', '97', '14', '4', '1']","[(1426, 263, 1555, 364), (1567, 243, 1681, 348), (709, 226, 782, 299), (626, 235, 684, 307), (930, 196, 1004, 267)]"
77,"['Jonas RUTSCH', 'Jonas RUTSCH', 'Christophe LAPORTE', 'Michael GOGL', 'Mathieu VAN DER POEL']","['97', '97', '14', '4', '1']","[(1426, 263, 1555, 364), (1567, 243, 1681, 348), (700, 250, 773, 325), (626, 235, 684, 307), (930, 196, 1004, 267)]"
78,"['Jonas RUTSCH', 'Jonas RUTSCH', 'Christophe LAPORTE', 'Michael GOGL']","['97', '97', '14', '4']","[(1426, 263, 1555, 364), (1567, 243, 1681, 348), (700, 250, 773, 325), (626, 235, 684, 307)]"
79,"['Christophe LAPORTE', 'Michael GOGL', 'Michael GOGL']","['14', '4', '4']","[(700, 250, 773, 325), (683, 327, 757, 397), (598, 329, 655, 398)]"
80,"['Michael GOGL', 'Michael GOGL', 'Jonas RUTSCH', 'Thomas PIDCOCK']","['4', '4', '97', '61', '9']","[(671, 343, 745, 413), (583, 346, 647, 418), (1390, 382, 1525, 478), (899, 328, 972, 386), (1520, 365, 1645, 459)]"
81,"['Christophe LAPORTE', 'Michael GOGL', 'Jonas RUTSCH', 'Thomas PIDCOCK']","['14', '4', '97', '61', '9']","[(659, 355, 735, 432), (570, 362, 637, 438), (1374, 401, 1513, 494), (899, 328, 972, 386), (1501, 383, 1629, 481)]"
82,"['Christophe LAPORTE', 'Michael GOGL', 'Jonas RUTSCH', 'Thomas PIDCOCK', 'Gianni VERMEERSCH']","['14', '4', '97', '61', '9', '6']","[(647, 372, 720, 445), (562, 375, 626, 451), (1357, 421, 1491, 511), (899, 328, 972, 386), (1501, 383, 1629, 481), (872, 362, 947, 418)]"
83,"['Christophe LAPORTE', 'Michael GOGL', 'Jonas RUTSCH', 'Gianni VERMEERSCH']","['14', '4', '97', '9', '6']","[(638, 383, 714, 456), (552, 389, 616, 463), (1340, 433, 1479, 527), (1473, 410, 1602, 508), (859, 370, 932, 430)]"
84,"['Christophe LAPORTE', 'Michael GOGL', 'Jonas RUTSCH', 'Thomas PIDCOCK']","['14', '4', '97', '9', '61']","[(627, 392, 702, 467), (541, 396, 606, 476), (1331, 446, 1466, 534), (1461, 422, 1593, 528), (851, 383, 927, 445)]"
85,"['Christophe LAPORTE', 'Michael GOGL', 'Jonas RUTSCH', 'Thomas PIDCOCK']","['14', '4', '97', '9', '61']","[(617, 407, 693, 483), (529, 417, 595, 493), (1319, 457, 1449, 547), (1452, 438, 1582, 542), (839, 395, 913, 458)]"
86,"['Christophe LAPORTE', 'Michael GOGL', 'Jonas RUTSCH', 'Thomas PIDCOCK']","['14', '4', '97', '9', '61']","[(605, 422, 683, 502), (518, 433, 586, 510), (1308, 474, 1440, 569), (1441, 449, 1569, 555), (828, 408, 901, 472)]"
87,"['Christophe LAPORTE', 'Michael GOGL', 'Jonas RUTSCH', 'Thomas PIDCOCK']","['14', '4', '97', '9', '61']","[(592, 440, 670, 515), (505, 450, 573, 529), (1294, 488, 1420, 585), (1429, 466, 1555, 566), (816, 426, 885, 486)]"
88,"['Christophe LAPORTE', 'Michael GOGL', 'Jonas RUTSCH', 'Thomas PIDCOCK', 'Gianni VERMEERSCH']","['14', '4', '97', '9', '61', '6']","[(579, 456, 657, 527), (492, 465, 559, 537), (1283, 501, 1414, 602), (1417, 479, 1540, 583), (805, 438, 876, 498), (868, 441, 937, 491)]"
89,"['Christophe LAPORTE', 'Michael GOGL', 'Jonas RUTSCH', 'Jonas RUTSCH', 'Thomas PIDCOCK', 'Gianni VERMEERSCH']","['14', '4', '97', '97', '61', '6']","[(564, 463, 643, 536), (475, 474, 545, 552), (1271, 507, 1398, 605), (1408, 485, 1527, 599), (796, 444, 867, 505), (855, 446, 927, 499)]"
90,"['Christophe LAPORTE', 'Michael GOGL', 'Jonas RUTSCH', 'Jonas RUTSCH', 'Thomas PIDCOCK', 'Gianni VERMEERSCH']","['14', '4', '97', '97', '61', '6']","[(551, 468, 625, 541), (464, 475, 531, 552), (1262, 506, 1386, 604), (1400, 483, 1519, 594), (784, 444, 855, 505), (848, 444, 917, 499)]"
91,"['Christophe LAPORTE', 'Michael GOGL', 'Jonas RUTSCH', 'Jonas RUTSCH', 'Thomas PIDCOCK', 'Gianni VERMEERSCH']","['14', '4', '97', '97', '61', '6']","[(539, 456, 614, 532), (446, 465, 513, 540), (1257, 494, 1381, 590), (1391, 475, 1510, 586), (779, 439, 844, 496), (837, 444, 907, 496)]"
92,"['Christophe LAPORTE', 'Michael GOGL', 'Jonas RUTSCH', 'Jonas RUTSCH', 'Thomas PIDCOCK', 'Gianni VERMEERSCH']","['14', '4', '97', '97', '61', '6']","[(527, 433, 601, 518), (434, 440, 502, 524), (1248, 474, 1380, 571), (1389, 452, 1502, 568), (779, 439, 844, 496), (837, 444, 907, 496)]"
93,"['Christophe LAPORTE', 'Michael GOGL', 'Jonas RUTSCH', 'Jonas RUTSCH', 'Thomas PIDCOCK', 'Gianni VERMEERSCH']","['14', '4', '97', '97', '61', '6']","[(519, 400, 591, 481), (434, 440, 502, 524), (1246, 433, 1379, 530), (1389, 452, 1502, 568), (779, 439, 844, 496), (837, 444, 907, 496)]"
94,"['Christophe LAPORTE', 'Michael GOGL', 'Jonas RUTSCH', 'Jonas RUTSCH']","['14', '4', '97', '97']","[(519, 400, 591, 481), (434, 440, 502, 524), (1246, 433, 1379, 530), (1389, 452, 1502, 568)]"
95,"['Christophe LAPORTE', 'Jonas RUTSCH']","['14', '97']","[(519, 400, 591, 481), (1306, 390, 1458, 504)]"
96,"['Jonas RUTSCH', 'Michael GOGL']","['97', '4']","[(1349, 385, 1498, 491), (517, 334, 595, 410)]"
97,"['Jonas RUTSCH', 'Michael GOGL', 'Michael GOGL']","['97', '4', '4', '9']","[(1382, 375, 1521, 479), (554, 316, 631, 392), (644, 314, 731, 399), (1513, 359, 1642, 480)]"
98,"['Jonas RUTSCH', 'Michael GOGL', 'Michael GOGL', 'Gianni VERMEERSCH']","['97', '4', '4', '9', '6']","[(1395, 362, 1532, 469), (578, 299, 650, 376), (670, 299, 751, 383), (1529, 343, 1655, 465), (924, 292, 998, 355)]"
99,"['Jonas RUTSCH', 'Michael GOGL', 'Michael GOGL', 'Gianni VERMEERSCH', 'Gianni VERMEERSCH']","['97', '4', '4', '9', '6', '6']","[(1406, 354, 1544, 457), (598, 292, 670, 367), (688, 288, 768, 373), (1529, 343, 1655, 465), (946, 279, 1020, 343), (1010, 279, 1079, 341)]"
100,"['Jonas RUTSCH', 'Michael GOGL', 'Christophe LAPORTE', 'Gianni VERMEERSCH', 'Gianni VERMEERSCH']","['97', '4', '14', '9', '6', '6']","[(1411, 353, 1548, 455), (617, 291, 689, 366), (710, 288, 785, 366), (1549, 332, 1674, 444), (958, 282, 1029, 344), (1022, 276, 1096, 336)]"
101,"['Jonas RUTSCH', 'Michael GOGL', 'Christophe LAPORTE', 'Mathieu VAN DER POEL', 'Gianni VERMEERSCH']","['97', '4', '14', '9', '1', '6']","[(1414, 362, 1549, 458), (635, 299, 700, 379), (724, 297, 796, 380), (1554, 335, 1677, 454), (972, 289, 1041, 355), (1022, 276, 1096, 336)]"
102,"['Jonas RUTSCH', 'Michael GOGL', 'Christophe LAPORTE', 'Mathieu VAN DER POEL', 'Gianni VERMEERSCH']","['97', '4', '14', '9', '1', '6']","[(1415, 425, 1557, 503), (635, 299, 700, 379), (724, 297, 796, 380), (1554, 335, 1677, 454), (972, 289, 1041, 355), (1022, 276, 1096, 336)]"
103,"['Jonas RUTSCH', 'Michael GOGL', 'Christophe LAPORTE', 'Mathieu VAN DER POEL', 'Mathieu VAN DER POEL']","['97', '4', '14', '9', '1', '1']","[(1415, 425, 1557, 503), (635, 299, 700, 379), (724, 297, 796, 380), (1554, 335, 1677, 454), (972, 289, 1041, 355), (988, 407, 1056, 469)]"
104,"['Jonas RUTSCH', 'Mathieu VAN DER POEL', 'Mathieu VAN DER POEL', 'Xandro MEURISSE']","['97', '1', '1', '7']","[(1415, 425, 1557, 503), (996, 439, 1059, 501), (751, 454, 824, 529), (1427, 509, 1557, 588)]"
105,"['Mathieu VAN DER POEL', 'Mathieu VAN DER POEL', 'Xandro MEURISSE']","['1', '1', '7', '9']","[(996, 439, 1059, 501), (760, 489, 827, 562), (1430, 539, 1560, 620), (1570, 511, 1688, 615)]"
106,"['Mathieu VAN DER POEL', 'Mathieu VAN DER POEL', 'Xandro MEURISSE']","['1', '1', '7', '9']","[(996, 439, 1059, 501), (767, 523, 834, 597), (1429, 566, 1554, 652), (1570, 511, 1688, 615)]"
107,"['Mathieu VAN DER POEL', 'Xandro MEURISSE']","['1', '7', '9']","[(767, 523, 834, 597), (1428, 596, 1553, 685), (1570, 511, 1688, 615)]"
108,"['Mathieu VAN DER POEL', 'Xandro MEURISSE', 'Mathieu VAN DER POEL']","['1', '7', '1']","[(767, 523, 834, 597), (1423, 628, 1552, 722), (766, 594, 831, 668)]"
109,"['Xandro MEURISSE', 'Mathieu VAN DER POEL']","['7', '1', '9']","[(1425, 654, 1548, 742), (761, 632, 828, 705), (1561, 627, 1679, 744)]"
110,"['Xandro MEURISSE', 'Mathieu VAN DER POEL', 'Michael GOGL']","['7', '1', '9', '4']","[(1414, 674, 1549, 774), (758, 660, 829, 741), (1553, 659, 1669, 769), (674, 667, 726, 734)]"
111,"['Jonas RUTSCH', 'Mathieu VAN DER POEL', 'Michael GOGL']","['97', '1', '9', '4']","[(1406, 697, 1540, 794), (750, 684, 822, 764), (1553, 659, 1669, 769), (674, 667, 726, 734)]"
112,"['Jonas RUTSCH', 'Christophe LAPORTE', 'Michael GOGL', 'Michael GOGL']","['97', '14', '9', '4', '4']","[(1390, 725, 1526, 827), (742, 705, 817, 780), (1553, 659, 1669, 769), (674, 667, 726, 734), (654, 706, 715, 780)]"
113,"['Jonas RUTSCH', 'Christophe LAPORTE', 'Michael GOGL', 'Gianni VERMEERSCH']","['97', '14', '4', '6']","[(1376, 754, 1515, 856), (731, 717, 808, 796), (647, 719, 705, 794), (956, 695, 1031, 759)]"
114,"['Jonas RUTSCH', 'Christophe LAPORTE', 'Michael GOGL', 'Gianni VERMEERSCH']","['97', '14', '4', '6']","[(1366, 768, 1502, 871), (727, 733, 799, 811), (640, 734, 700, 811), (946, 710, 1021, 774)]"
115,"['Jonas RUTSCH', 'Christophe LAPORTE', 'Michael GOGL', 'Thomas PIDCOCK']","['97', '14', '4', '61']","[(1358, 782, 1498, 879), (722, 744, 797, 823), (638, 749, 696, 828), (937, 726, 1011, 791)]"
116,"['Jonas RUTSCH', 'Christophe LAPORTE', 'Michael GOGL', 'Thomas PIDCOCK']","['97', '14', '4', '61']","[(1344, 791, 1483, 891), (723, 755, 797, 830), (637, 759, 695, 838), (931, 740, 1005, 800)]"
117,"['Jonas RUTSCH', 'Christophe LAPORTE', 'Michael GOGL', 'Thomas PIDCOCK']","['97', '14', '4', '61', '9']","[(1334, 800, 1470, 901), (722, 761, 795, 840), (638, 767, 692, 846), (953, 746, 1028, 803), (1464, 782, 1593, 896)]"
118,"['Jonas RUTSCH', 'Christophe LAPORTE', 'Michael GOGL', 'Thomas PIDCOCK', 'Gianni VERMEERSCH']","['97', '14', '4', '61', '9', '6']","[(1326, 805, 1458, 909), (722, 763, 795, 841), (637, 770, 693, 852), (916, 747, 984, 811), (1455, 783, 1586, 901), (974, 747, 1052, 806)]"
119,"['Jonas RUTSCH', 'Christophe LAPORTE', 'Michael GOGL', 'Thomas PIDCOCK', 'Gianni VERMEERSCH']","['97', '14', '4', '61', '9', '6']","[(1318, 785, 1452, 889), (718, 741, 798, 823), (633, 756, 695, 840), (905, 732, 983, 796), (1455, 783, 1586, 901), (974, 747, 1052, 806)]"
120,"['Jonas RUTSCH', 'Christophe LAPORTE', 'Michael GOGL', 'Thomas PIDCOCK', 'Gianni VERMEERSCH']","['97', '14', '4', '61', '9', '6']","[(1318, 785, 1452, 889), (718, 741, 798, 823), (633, 756, 695, 840), (905, 732, 983, 796), (1455, 783, 1586, 901), (974, 747, 1052, 806)]"
121,"['Jonas RUTSCH', 'Christophe LAPORTE', 'Michael GOGL', 'Thomas PIDCOCK', 'Christophe LAPORTE', 'Xandro MEURISSE', 'Michael GOGL', 'Mathieu VAN DER POEL', 'Julius VAN DEN BERG', 'Gianni VERMEERSCH']","['97', '14', '4', '61', '14', '7', '4', '1', '91', '6']","[(1318, 785, 1452, 889), (718, 741, 798, 823), (633, 756, 695, 840), (905, 732, 983, 796), (715, 683, 790, 756), (1307, 722, 1436, 821), (628, 696, 690, 773), (890, 669, 962, 732), (1439, 702, 1562, 815), (949, 665, 1020, 726)]"
122,"['Christophe LAPORTE', 'Xandro MEURISSE', 'Michael GOGL', 'Mathieu VAN DER POEL', 'Julius VAN DEN BERG', 'Gianni VERMEERSCH']","['14', '7', '4', '1', '91', '6']","[(709, 666, 787, 742), (1303, 713, 1429, 812), (626, 681, 685, 757), (881, 653, 950, 719), (1434, 695, 1557, 810), (944, 652, 1010, 712)]"
123,"['Christophe LAPORTE', 'Jonas RUTSCH', 'Michael GOGL', 'Mathieu VAN DER POEL', 'Julius VAN DEN BERG', 'Gianni VERMEERSCH']","['14', '97', '4', '1', '91', '6']","[(707, 647, 782, 727), (1294, 700, 1418, 804), (620, 662, 681, 743), (874, 637, 946, 703), (1429, 681, 1550, 800), (935, 637, 1003, 696)]"
124,"['Christophe LAPORTE', 'Jonas RUTSCH', 'Michael GOGL', 'Mathieu VAN DER POEL', 'Julius VAN DEN BERG', 'Gianni VERMEERSCH']","['14', '97', '4', '1', '91', '6']","[(700, 631, 773, 713), (1291, 690, 1414, 793), (617, 641, 679, 726), (864, 620, 934, 687), (1430, 671, 1540, 781), (923, 617, 994, 678)]"
125,"['Christophe LAPORTE', 'Jonas RUTSCH', 'Michael GOGL', 'Mathieu VAN DER POEL', 'Julius VAN DEN BERG', 'Gianni VERMEERSCH']","['14', '97', '4', '1', '91', '6']","[(698, 618, 774, 699), (1290, 679, 1410, 782), (614, 628, 670, 709), (854, 608, 926, 674), (1428, 661, 1543, 776), (923, 617, 994, 678)]"
126,"['Christophe LAPORTE', 'Jonas RUTSCH', 'Michael GOGL', 'Thomas PIDCOCK', 'Julius VAN DEN BERG', 'Gianni VERMEERSCH']","['14', '97', '4', '61', '91', '6']","[(695, 608, 769, 689), (1293, 661, 1415, 765), (609, 616, 669, 698), (850, 597, 920, 664), (1430, 649, 1542, 764), (911, 596, 981, 658)]"
127,"['Christophe LAPORTE', 'Jonas RUTSCH', 'Michael GOGL', 'Thomas PIDCOCK', 'Julius VAN DEN BERG', 'Gianni VERMEERSCH']","['14', '97', '4', '61', '91', '6']","[(690, 602, 765, 678), (1292, 648, 1418, 752), (601, 610, 665, 687), (840, 590, 911, 655), (1429, 628, 1547, 754), (902, 587, 965, 643)]"
128,"['Christophe LAPORTE', 'Jonas RUTSCH', 'Michael GOGL', 'Thomas PIDCOCK', 'Gianni VERMEERSCH']","['14', '97', '4', '61', '9', '6']","[(683, 599, 758, 674), (1296, 640, 1422, 738), (601, 607, 658, 682), (835, 587, 906, 652), (1433, 623, 1548, 741), (897, 587, 964, 644)]"
129,"['Christophe LAPORTE', 'Jonas RUTSCH', 'Michael GOGL', 'Thomas PIDCOCK', 'Gianni VERMEERSCH']","['14', '97', '4', '61', '9', '6']","[(685, 594, 758, 674), (1298, 629, 1428, 730), (594, 598, 658, 677), (830, 578, 904, 646), (1435, 614, 1555, 727), (892, 582, 960, 642)]"
130,"['Christophe LAPORTE', 'Jonas RUTSCH', 'Michael GOGL', 'Thomas PIDCOCK', 'Gianni VERMEERSCH']","['14', '97', '4', '61', '9', '6']","[(686, 583, 760, 659), (1298, 629, 1428, 730), (594, 598, 658, 677), (830, 578, 904, 646), (1435, 614, 1555, 727), (888, 564, 956, 627)]"
131,"['Christophe LAPORTE', 'Jonas RUTSCH', 'Michael GOGL', 'Thomas PIDCOCK', 'Gianni VERMEERSCH']","['14', '97', '4', '61', '9', '6']","[(684, 543, 762, 626), (1308, 580, 1441, 682), (594, 598, 658, 677), (830, 578, 904, 646), (1435, 614, 1555, 727), (888, 564, 956, 627)]"
132,"['Christophe LAPORTE', 'Jonas RUTSCH', 'Gianni VERMEERSCH', 'Thomas PIDCOCK', 'Christophe LAPORTE', 'Gianni VERMEERSCH']","['14', '97', '6', '61', '14', '9', '6']","[(684, 524, 759, 601), (1312, 565, 1443, 660), (888, 564, 956, 627), (820, 503, 892, 566), (593, 527, 655, 604), (1450, 548, 1567, 668), (884, 505, 955, 565)]"
133,"['Christophe LAPORTE', 'Jonas RUTSCH', 'Thomas PIDCOCK', 'Christophe LAPORTE', 'Gianni VERMEERSCH']","['14', '97', '61', '14', '9', '6']","[(683, 512, 759, 587), (1314, 556, 1445, 654), (817, 494, 895, 556), (595, 517, 659, 591), (1447, 535, 1568, 657), (884, 505, 955, 565)]"
134,"['Christophe LAPORTE', 'Jonas RUTSCH', 'Thomas PIDCOCK', 'Christophe LAPORTE', 'Gianni VERMEERSCH']","['14', '97', '61', '14', '9', '6']","[(679, 499, 760, 580), (1312, 549, 1448, 648), (812, 490, 887, 550), (595, 506, 658, 586), (1443, 527, 1565, 649), (877, 488, 946, 542)]"
135,"['Christophe LAPORTE', 'Jonas RUTSCH', 'Thomas PIDCOCK', 'Christophe LAPORTE', 'Gianni VERMEERSCH']","['14', '97', '61', '14', '9', '6']","[(684, 498, 760, 573), (1311, 547, 1444, 646), (807, 488, 886, 548), (594, 503, 660, 581), (1443, 527, 1565, 649), (877, 488, 946, 542)]"
136,"['Christophe LAPORTE', 'Jonas RUTSCH', 'Thomas PIDCOCK', 'Christophe LAPORTE', 'Gianni VERMEERSCH']","['14', '97', '61', '14', '9', '6']","[(675, 498, 760, 578), (1308, 548, 1442, 648), (804, 489, 884, 550), (594, 507, 659, 583), (1436, 529, 1562, 643), (877, 488, 946, 542)]"
137,"['Christophe LAPORTE', 'Jonas RUTSCH', 'Thomas PIDCOCK', 'Christophe LAPORTE']","['14', '97', '61', '14', '9']","[(672, 505, 757, 585), (1308, 547, 1444, 648), (800, 492, 880, 556), (590, 514, 658, 588), (1435, 527, 1562, 641)]"
138,"['Christophe LAPORTE', 'Jonas RUTSCH', 'Thomas PIDCOCK', 'Christophe LAPORTE']","['14', '97', '61', '14', '9']","[(673, 511, 752, 588), (1306, 545, 1439, 646), (793, 491, 868, 557), (588, 516, 652, 592), (1436, 525, 1565, 638)]"
139,"['Christophe LAPORTE', 'Jonas RUTSCH', 'Thomas PIDCOCK', 'Christophe LAPORTE', 'Julius VAN DEN BERG', 'Gianni VERMEERSCH']","['14', '97', '61', '14', '91', '6']","[(669, 514, 745, 594), (1303, 543, 1434, 640), (789, 495, 859, 555), (577, 519, 645, 595), (1431, 522, 1558, 632), (848, 490, 915, 544)]"
140,"['Christophe LAPORTE', 'Jonas RUTSCH', 'Thomas PIDCOCK', 'Christophe LAPORTE', 'Julius VAN DEN BERG', 'Gianni VERMEERSCH']","['14', '97', '61', '14', '91', '6']","[(664, 517, 740, 593), (1295, 545, 1427, 641), (779, 492, 853, 555), (572, 519, 639, 594), (1428, 521, 1552, 631), (848, 490, 915, 544)]"
141,"['Christophe LAPORTE', 'Jonas RUTSCH', 'Thomas PIDCOCK', 'Christophe LAPORTE', 'Julius VAN DEN BERG', 'Gianni VERMEERSCH']","['14', '97', '61', '14', '91', '6']","[(658, 522, 734, 601), (1291, 545, 1421, 641), (768, 495, 840, 558), (566, 520, 630, 601), (1426, 520, 1549, 631), (848, 490, 915, 544)]"
142,"['Christophe LAPORTE', 'Jonas RUTSCH', 'Thomas PIDCOCK', 'Christophe LAPORTE', 'Julius VAN DEN BERG']","['14', '97', '61', '14', '91']","[(652, 525, 726, 607), (1288, 546, 1415, 642), (760, 495, 832, 561), (559, 524, 625, 603), (1420, 521, 1541, 630)]"
143,"['Christophe LAPORTE', 'Jonas RUTSCH', 'Thomas PIDCOCK', 'Christophe LAPORTE', 'Julius VAN DEN BERG', 'Gianni VERMEERSCH']","['14', '97', '61', '14', '91', '6']","[(646, 530, 719, 612), (1287, 549, 1417, 643), (753, 497, 821, 562), (557, 524, 619, 603), (1419, 524, 1539, 630), (812, 493, 878, 552)]"
144,"['Christophe LAPORTE', 'Jonas RUTSCH', 'Thomas PIDCOCK', 'Christophe LAPORTE', 'Julius VAN DEN BERG', 'Gianni VERMEERSCH']","['14', '97', '61', '14', '91', '6']","[(643, 529, 716, 611), (1287, 549, 1417, 645), (744, 500, 814, 567), (552, 524, 618, 603), (1421, 529, 1541, 645), (804, 496, 873, 559)]"
145,"['Christophe LAPORTE', 'Jonas RUTSCH', 'Thomas PIDCOCK', 'Christophe LAPORTE', 'Julius VAN DEN BERG', 'Gianni VERMEERSCH']","['14', '97', '61', '14', '91', '6']","[(640, 532, 713, 610), (1289, 550, 1423, 649), (738, 502, 811, 572), (549, 526, 617, 604), (1423, 529, 1542, 651), (800, 504, 867, 568)]"
146,"['Christophe LAPORTE', 'Jonas RUTSCH', 'Thomas PIDCOCK', 'Christophe LAPORTE', 'Julius VAN DEN BERG', 'Gianni VERMEERSCH']","['14', '97', '61', '14', '91', '6']","[(643, 539, 716, 622), (1290, 553, 1422, 654), (760, 510, 845, 573), (548, 537, 616, 612), (1426, 530, 1542, 652), (798, 513, 863, 574)]"
147,"['Christophe LAPORTE', 'Jonas RUTSCH', 'Thomas PIDCOCK', 'Christophe LAPORTE', 'Julius VAN DEN BERG', 'Gianni VERMEERSCH']","['14', '97', '61', '14', '91', '6']","[(640, 547, 717, 627), (1293, 563, 1424, 660), (733, 516, 802, 584), (549, 544, 617, 623), (1426, 541, 1548, 657), (794, 520, 861, 580)]"
148,"['Christophe LAPORTE', 'Jonas RUTSCH', 'Thomas PIDCOCK', 'Christophe LAPORTE', 'Julius VAN DEN BERG', 'Gianni VERMEERSCH']","['14', '97', '61', '14', '91', '6']","[(642, 551, 725, 635), (1292, 568, 1427, 671), (730, 523, 802, 592), (552, 554, 617, 635), (1429, 550, 1550, 664), (790, 523, 861, 586)]"
149,"['Christophe LAPORTE', 'Jonas RUTSCH', 'Thomas PIDCOCK', 'Christophe LAPORTE', 'Julius VAN DEN BERG', 'Gianni VERMEERSCH']","['14', '97', '61', '14', '91', '6']","[(647, 556, 729, 636), (1297, 576, 1434, 677), (729, 526, 798, 593), (556, 564, 619, 645), (1432, 553, 1551, 672), (788, 526, 857, 588)]"
150,"['Christophe LAPORTE', 'Jonas RUTSCH', 'Thomas PIDCOCK', 'Christophe LAPORTE', 'Julius VAN DEN BERG', 'Gianni VERMEERSCH']","['14', '97', '61', '14', '91', '6']","[(653, 555, 736, 634), (1299, 582, 1436, 687), (703, 535, 776, 606), (564, 565, 624, 650), (1429, 556, 1553, 674), (789, 529, 859, 587)]"
151,"['Christophe LAPORTE', 'Jonas RUTSCH', 'Thomas PIDCOCK', 'Christophe LAPORTE', 'Julius VAN DEN BERG', 'Gianni VERMEERSCH']","['14', '97', '61', '14', '91', '6']","[(656, 551, 736, 629), (1294, 586, 1431, 692), (722, 528, 794, 597), (567, 563, 631, 647), (1427, 562, 1550, 677), (784, 529, 856, 590)]"
152,"['Christophe LAPORTE', 'Jonas RUTSCH', 'Thomas PIDCOCK', 'Christophe LAPORTE', 'Julius VAN DEN BERG', 'Gianni VERMEERSCH']","['14', '97', '61', '14', '91', '6']","[(662, 534, 752, 615), (1290, 586, 1425, 689), (720, 527, 792, 597), (573, 564, 637, 646), (1427, 562, 1550, 677), (780, 528, 852, 590)]"
153,"['Christophe LAPORTE', 'Jonas RUTSCH', 'Thomas PIDCOCK', 'Christophe LAPORTE', 'Julius VAN DEN BERG', 'Gianni VERMEERSCH']","['14', '97', '61', '14', '91', '6']","[(660, 534, 750, 610), (1287, 592, 1426, 687), (720, 527, 792, 597), (578, 563, 640, 640), (1417, 568, 1542, 677), (781, 530, 847, 590)]"
154,"['Christophe LAPORTE', 'Jonas RUTSCH', 'Thomas PIDCOCK', 'Christophe LAPORTE', 'Julius VAN DEN BERG', 'Gianni VERMEERSCH']","['14', '97', '61', '14', '91', '6']","[(661, 545, 744, 623), (1285, 590, 1426, 689), (720, 527, 792, 597), (580, 562, 644, 644), (1412, 558, 1537, 674), (777, 526, 842, 591)]"
155,"['Christophe LAPORTE', 'Jonas RUTSCH', 'Christophe LAPORTE', 'Julius VAN DEN BERG', 'Gianni VERMEERSCH']","['14', '97', '14', '91', '6']","[(665, 549, 748, 629), (1275, 580, 1417, 689), (584, 563, 647, 650), (1408, 554, 1535, 671), (777, 526, 842, 591)]"
156,"['Christophe LAPORTE', 'Jonas RUTSCH', 'Christophe LAPORTE', 'Julius VAN DEN BERG', 'Gianni VERMEERSCH']","['14', '97', '14', '91', '6']","[(668, 546, 749, 627), (1276, 578, 1415, 680), (586, 560, 648, 645), (1404, 555, 1528, 669), (772, 522, 840, 578)]"
157,"['Christophe LAPORTE', 'Jonas RUTSCH', 'Christophe LAPORTE', 'Julius VAN DEN BERG', 'Gianni VERMEERSCH']","['14', '97', '14', '91', '6']","[(674, 538, 759, 626), (1271, 577, 1404, 675), (588, 551, 649, 638), (1404, 552, 1528, 669), (772, 522, 840, 578)]"
158,"['Christophe LAPORTE', 'Jonas RUTSCH', 'Christophe LAPORTE', 'Julius VAN DEN BERG', 'Gianni VERMEERSCH']","['14', '97', '14', '91', '6']","[(675, 544, 756, 628), (1267, 576, 1399, 679), (587, 549, 650, 634), (1399, 556, 1528, 679), (764, 520, 830, 576)]"
159,"['Christophe LAPORTE', 'Jonas RUTSCH', 'Christophe LAPORTE', 'Julius VAN DEN BERG', 'Gianni VERMEERSCH']","['14', '97', '14', '91', '6']","[(674, 547, 751, 628), (1262, 581, 1392, 682), (583, 549, 646, 631), (1390, 554, 1516, 672), (757, 514, 829, 576)]"
160,"['Christophe LAPORTE', 'Jonas RUTSCH', 'Christophe LAPORTE', 'Julius VAN DEN BERG', 'Gianni VERMEERSCH']","['14', '97', '14', '91', '6']","[(671, 547, 747, 629), (1256, 582, 1383, 679), (581, 549, 646, 630), (1385, 562, 1511, 678), (754, 511, 829, 575)]"
161,"['Christophe LAPORTE', 'Jonas RUTSCH', 'Christophe LAPORTE', 'Julius VAN DEN BERG', 'Gianni VERMEERSCH']","['14', '97', '14', '91', '6']","[(669, 550, 748, 631), (1246, 585, 1372, 682), (575, 549, 644, 632), (1379, 564, 1502, 678), (755, 517, 820, 577)]"
162,"['Christophe LAPORTE', 'Jonas RUTSCH', 'Christophe LAPORTE', 'Julius VAN DEN BERG', 'Gianni VERMEERSCH']","['14', '97', '14', '91', '6']","[(667, 545, 749, 632), (1242, 583, 1369, 684), (569, 549, 639, 630), (1373, 560, 1496, 673), (753, 523, 818, 583)]"
163,"['Christophe LAPORTE', 'Jonas RUTSCH', 'Christophe LAPORTE', 'Julius VAN DEN BERG', 'Gianni VERMEERSCH']","['14', '97', '14', '91', '6']","[(661, 550, 741, 629), (1238, 580, 1367, 681), (567, 551, 634, 633), (1367, 558, 1489, 672), (751, 521, 815, 583)]"
164,"['Christophe LAPORTE', 'Jonas RUTSCH', 'Christophe LAPORTE', 'Julius VAN DEN BERG', 'Gianni VERMEERSCH']","['14', '97', '14', '91', '6']","[(659, 556, 735, 633), (1231, 580, 1361, 677), (566, 549, 630, 631), (1362, 558, 1482, 674), (743, 508, 813, 575)]"
165,"['Christophe LAPORTE', 'Jonas RUTSCH', 'Christophe LAPORTE', 'Julius VAN DEN BERG', 'Gianni VERMEERSCH']","['14', '97', '14', '91', '6']","[(658, 550, 733, 629), (1226, 574, 1358, 679), (565, 544, 628, 630), (1357, 557, 1477, 673), (745, 512, 810, 571)]"
166,"['Christophe LAPORTE', 'Jonas RUTSCH', 'Christophe LAPORTE', 'Julius VAN DEN BERG', 'Gianni VERMEERSCH']","['14', '97', '14', '91', '6']","[(655, 550, 735, 630), (1219, 572, 1352, 677), (561, 547, 623, 632), (1356, 553, 1472, 667), (745, 512, 810, 571)]"
167,"['Christophe LAPORTE', 'Jonas RUTSCH', 'Christophe LAPORTE', 'Julius VAN DEN BERG', 'Gianni VERMEERSCH']","['14', '97', '14', '91', '6']","[(664, 520, 745, 630), (1214, 566, 1352, 674), (560, 546, 623, 629), (1347, 551, 1467, 665), (746, 513, 811, 570)]"
168,"['Christophe LAPORTE', 'Jonas RUTSCH', 'Christophe LAPORTE', 'Julius VAN DEN BERG', 'Gianni VERMEERSCH']","['14', '97', '14', '91', '6']","[(652, 498, 743, 589), (1214, 566, 1352, 674), (560, 546, 623, 629), (1347, 551, 1467, 665), (746, 513, 811, 570)]"
169,"['Christophe LAPORTE', 'Jonas RUTSCH', 'Christophe LAPORTE', 'Julius VAN DEN BERG', 'Gianni VERMEERSCH', 'Michael GOGL', 'Xandro MEURISSE']","['14', '97', '14', '91', '6', '4', '7', '9']","[(652, 498, 743, 589), (1214, 566, 1352, 674), (560, 546, 623, 629), (1347, 551, 1467, 665), (746, 513, 811, 570), (558, 449, 622, 535), (1200, 488, 1335, 587), (1333, 469, 1450, 573)]"
170,"['Christophe LAPORTE', 'Michael GOGL', 'Xandro MEURISSE', 'Christophe LAPORTE']","['14', '4', '7', '9', '14']","[(652, 498, 743, 589), (559, 433, 620, 515), (1193, 472, 1327, 572), (1325, 454, 1446, 564), (653, 428, 726, 510)]"
171,"['Michael GOGL', 'Jonas RUTSCH', 'Christophe LAPORTE']","['4', '97', '9', '14']","[(557, 412, 622, 496), (1185, 453, 1322, 553), (1316, 431, 1434, 544), (653, 408, 738, 492)]"
172,"['Michael GOGL', 'Jonas RUTSCH', 'Christophe LAPORTE']","['4', '97', '9', '14']","[(562, 395, 628, 480), (1177, 431, 1306, 523), (1311, 408, 1426, 522), (656, 390, 739, 477)]"
173,"['Michael GOGL', 'Jonas RUTSCH', 'Christophe LAPORTE']","['4', '97', '9', '14']","[(567, 374, 639, 458), (1177, 410, 1303, 503), (1312, 390, 1431, 507), (666, 375, 744, 457)]"
174,"['Michael GOGL', 'Jonas RUTSCH', 'Christophe LAPORTE']","['4', '97', '9', '14']","[(579, 365, 647, 444), (1179, 404, 1302, 499), (1315, 385, 1431, 498), (676, 366, 755, 444)]"
175,"['Michael GOGL', 'Jonas RUTSCH', 'Christophe LAPORTE', 'Gianni VERMEERSCH']","['4', '97', '9', '14', '6']","[(583, 366, 658, 444), (1181, 402, 1303, 501), (1316, 386, 1430, 508), (684, 367, 763, 447), (777, 324, 857, 384)]"
176,"['Michael GOGL', 'Jonas RUTSCH', 'Christophe LAPORTE', 'Gianni VERMEERSCH']","['4', '97', '9', '14', '6']","[(598, 370, 674, 449), (1183, 413, 1302, 509), (1321, 396, 1433, 514), (698, 371, 781, 453), (796, 333, 868, 393)]"
177,"['Michael GOGL', 'Jonas RUTSCH', 'Christophe LAPORTE', 'Gianni VERMEERSCH']","['4', '97', '9', '14', '6']","[(610, 382, 684, 462), (1183, 424, 1304, 522), (1320, 409, 1432, 524), (710, 384, 792, 462), (796, 333, 868, 393)]"
178,"['Michael GOGL', 'Jonas RUTSCH', 'Christophe LAPORTE', 'Gianni VERMEERSCH']","['4', '97', '9', '14', '6']","[(625, 397, 695, 476), (1180, 434, 1303, 534), (1320, 420, 1430, 534), (724, 399, 804, 478), (796, 333, 868, 393)]"
179,"['Michael GOGL', 'Jonas RUTSCH', 'Christophe LAPORTE', 'Gianni VERMEERSCH']","['4', '97', '9', '14', '6']","[(634, 408, 703, 488), (1177, 445, 1301, 543), (1318, 431, 1427, 549), (730, 414, 809, 489), (828, 377, 901, 438)]"
180,"['Michael GOGL', 'Jonas RUTSCH', 'Christophe LAPORTE', 'Gianni VERMEERSCH']","['4', '97', '9', '14', '6']","[(642, 424, 708, 504), (1173, 450, 1296, 550), (1314, 438, 1426, 556), (738, 429, 819, 506), (832, 387, 905, 451)]"
181,"['Michael GOGL', 'Jonas RUTSCH', 'Christophe LAPORTE', 'Gianni VERMEERSCH']","['4', '97', '9', '14', '6']","[(649, 440, 712, 517), (1166, 457, 1290, 561), (1307, 447, 1421, 568), (744, 441, 821, 518), (836, 403, 907, 466)]"
182,"['Michael GOGL', 'Jonas RUTSCH', 'Christophe LAPORTE', 'Gianni VERMEERSCH']","['4', '97', '9', '14', '6']","[(653, 446, 718, 529), (1159, 467, 1287, 566), (1294, 452, 1414, 574), (748, 448, 826, 527), (841, 407, 910, 473)]"
183,"['Michael GOGL', 'Jonas RUTSCH', 'Christophe LAPORTE', 'Gianni VERMEERSCH']","['4', '97', '9', '14', '6']","[(658, 452, 719, 535), (1150, 473, 1278, 577), (1288, 460, 1405, 578), (752, 454, 828, 530), (846, 414, 912, 475)]"
184,"['Michael GOGL', 'Jonas RUTSCH', 'Christophe LAPORTE', 'Gianni VERMEERSCH']","['4', '97', '9', '14', '6']","[(657, 450, 722, 533), (1141, 474, 1271, 575), (1277, 457, 1399, 572), (752, 452, 829, 529), (848, 413, 913, 474)]"
185,"['Michael GOGL', 'Jonas RUTSCH', 'Christophe LAPORTE', 'Gianni VERMEERSCH']","['4', '97', '9', '14', '6']","[(656, 444, 718, 527), (1126, 464, 1258, 561), (1257, 449, 1385, 561), (755, 427, 841, 520), (842, 405, 911, 466)]"
186,"['Michael GOGL', 'Jonas RUTSCH', 'Christophe LAPORTE', 'Gianni VERMEERSCH']","['4', '97', '9', '14', '6']","[(654, 436, 716, 519), (1109, 455, 1244, 556), (1242, 440, 1362, 552), (745, 434, 818, 513), (842, 405, 911, 466)]"
187,"['Michael GOGL', 'Jonas RUTSCH', 'Christophe LAPORTE', 'Gianni VERMEERSCH']","['4', '97', '9', '14', '6']","[(654, 430, 714, 512), (1094, 445, 1229, 549), (1230, 432, 1349, 540), (742, 428, 815, 506), (842, 405, 911, 466)]"
188,"['Michael GOGL', 'Jonas RUTSCH', 'Christophe LAPORTE']","['4', '97', '9', '14']","[(653, 432, 715, 515), (1080, 449, 1211, 544), (1214, 429, 1332, 538), (742, 431, 817, 507)]"
189,"['Michael GOGL', 'Jonas RUTSCH', 'Christophe LAPORTE']","['4', '97', '9', '14']","[(654, 433, 715, 516), (1073, 449, 1202, 546), (1210, 435, 1327, 546), (743, 431, 819, 510)]"
190,"['Michael GOGL', 'Jonas RUTSCH', 'Christophe LAPORTE', 'Gianni VERMEERSCH']","['4', '97', '9', '14', '6']","[(653, 442, 715, 524), (1062, 454, 1185, 552), (1198, 439, 1315, 553), (744, 440, 820, 520), (836, 403, 908, 461)]"
191,"['Michael GOGL', 'Jonas RUTSCH', 'Christophe LAPORTE', 'Gianni VERMEERSCH']","['4', '97', '9', '14', '6']","[(651, 449, 717, 532), (1051, 459, 1170, 566), (1189, 448, 1305, 559), (745, 452, 820, 531), (833, 410, 903, 473)]"
192,"['Michael GOGL', 'Jonas RUTSCH', 'Christophe LAPORTE', 'Gianni VERMEERSCH']","['4', '97', '9', '14', '6']","[(653, 457, 716, 539), (1045, 472, 1162, 572), (1183, 460, 1295, 572), (747, 459, 820, 538), (832, 417, 903, 475)]"
193,"['Michael GOGL', 'Jonas RUTSCH', 'Christophe LAPORTE', 'Gianni VERMEERSCH']","['4', '97', '9', '14', '6']","[(651, 468, 717, 548), (1037, 480, 1151, 584), (1178, 468, 1286, 579), (750, 469, 825, 550), (837, 428, 905, 482)]"
194,"['Michael GOGL', 'Jonas RUTSCH', 'Christophe LAPORTE', 'Gianni VERMEERSCH']","['4', '97', '9', '14', '6']","[(655, 473, 721, 554), (1035, 486, 1149, 589), (1176, 475, 1280, 587), (753, 475, 832, 557), (839, 439, 905, 491)]"
195,"['Michael GOGL', 'Jonas RUTSCH', 'Christophe LAPORTE', 'Gianni VERMEERSCH']","['4', '97', '9', '14', '6']","[(659, 475, 725, 560), (1037, 487, 1152, 588), (1172, 476, 1282, 593), (755, 477, 838, 558), (843, 443, 906, 495)]"
196,"['Michael GOGL', 'Jonas RUTSCH', 'Christophe LAPORTE', 'Gianni VERMEERSCH']","['4', '97', '9', '14', '6']","[(663, 478, 730, 563), (1035, 484, 1154, 587), (1175, 476, 1284, 593), (761, 479, 843, 560), (843, 443, 906, 495)]"
197,"['Michael GOGL', 'Jonas RUTSCH', 'Christophe LAPORTE', 'Gianni VERMEERSCH']","['4', '97', '9', '14', '6']","[(666, 466, 738, 553), (1038, 475, 1156, 573), (1178, 463, 1284, 581), (769, 465, 847, 546), (843, 443, 906, 495)]"
198,"['Michael GOGL', 'Jonas RUTSCH', 'Christophe LAPORTE']","['4', '97', '9', '14']","[(679, 449, 743, 538), (1040, 462, 1155, 568), (1180, 454, 1286, 572), (773, 450, 853, 533)]"
199,"['Christophe LAPORTE', 'Jonas RUTSCH', 'Christophe LAPORTE']","['14', '97', '9', '14']","[(687, 447, 752, 535), (1038, 464, 1155, 567), (1177, 455, 1285, 575), (783, 447, 863, 527)]"
200,"['Christophe LAPORTE', 'Jonas RUTSCH', 'Christophe LAPORTE']","['14', '97', '9', '14']","[(692, 450, 760, 536), (1036, 470, 1157, 574), (1175, 459, 1283, 575), (790, 443, 872, 527)]"
201,"['Christophe LAPORTE', 'Jonas RUTSCH', 'Christophe LAPORTE']","['14', '97', '9', '14']","[(702, 455, 769, 539), (1038, 475, 1157, 581), (1175, 464, 1285, 580), (797, 449, 877, 532)]"
202,"['Christophe LAPORTE', 'Jonas RUTSCH', 'Christophe LAPORTE']","['14', '97', '9', '14']","[(711, 468, 773, 551), (1034, 480, 1155, 588), (1175, 473, 1284, 587), (802, 459, 880, 538)]"
203,"['Christophe LAPORTE', 'Jonas RUTSCH', 'Christophe LAPORTE']","['14', '97', '9', '14']","[(714, 473, 779, 555), (1036, 488, 1155, 595), (1173, 475, 1284, 588), (807, 465, 891, 546)]"
204,"['Christophe LAPORTE', 'Jonas RUTSCH', 'Christophe LAPORTE']","['14', '97', '9', '14']","[(716, 472, 783, 561), (1039, 484, 1157, 590), (1175, 473, 1286, 583), (810, 465, 893, 544)]"
205,"['Christophe LAPORTE', 'Jonas RUTSCH', 'Christophe LAPORTE']","['14', '97', '9', '14']","[(720, 469, 787, 559), (1042, 481, 1157, 591), (1178, 471, 1287, 581), (814, 463, 896, 542)]"
206,"['Christophe LAPORTE', 'Jonas RUTSCH', 'Christophe LAPORTE']","['14', '97', '9', '14']","[(727, 473, 790, 557), (1043, 491, 1159, 595), (1179, 473, 1289, 588), (821, 467, 897, 548)]"
207,"['Christophe LAPORTE', 'Jonas RUTSCH', 'Christophe LAPORTE']","['14', '97', '9', '14']","[(730, 477, 790, 560), (1046, 495, 1162, 600), (1181, 478, 1295, 602), (824, 472, 894, 554)]"
208,"['Christophe LAPORTE', 'Jonas RUTSCH', 'Christophe LAPORTE']","['14', '97', '9', '14']","[(726, 488, 791, 574), (1047, 508, 1163, 616), (1186, 489, 1296, 612), (822, 485, 895, 566)]"
209,"['Christophe LAPORTE', 'Jonas RUTSCH', 'Christophe LAPORTE']","['14', '97', '9', '14']","[(728, 504, 790, 592), (1050, 530, 1165, 633), (1189, 507, 1298, 623), (824, 502, 898, 584)]"
210,"['Christophe LAPORTE', 'Jonas RUTSCH', 'Christophe LAPORTE']","['14', '97', '9', '14']","[(733, 523, 794, 609), (1053, 544, 1170, 654), (1191, 526, 1301, 643), (828, 522, 904, 606)]"
211,"['Christophe LAPORTE', 'Jonas RUTSCH', 'Christophe LAPORTE']","['14', '97', '9', '14']","[(738, 539, 797, 626), (1057, 559, 1176, 667), (1192, 540, 1308, 664), (829, 539, 908, 621)]"
212,"['Christophe LAPORTE', 'Jonas RUTSCH', 'Christophe LAPORTE']","['14', '97', '9', '14']","[(736, 559, 800, 643), (1060, 571, 1183, 676), (1193, 551, 1311, 669), (829, 550, 913, 636)]"
213,"['Christophe LAPORTE', 'Jonas RUTSCH', 'Christophe LAPORTE']","['14', '97', '9', '14']","[(737, 573, 801, 661), (1067, 586, 1188, 686), (1201, 564, 1321, 677), (834, 567, 916, 653)]"
214,"['Christophe LAPORTE', 'Jonas RUTSCH', 'Christophe LAPORTE']","['14', '97', '9', '14']","[(739, 586, 801, 679), (1070, 595, 1197, 702), (1205, 572, 1324, 692), (835, 577, 917, 664)]"
215,"['Christophe LAPORTE', 'Jonas RUTSCH', 'Christophe LAPORTE']","['14', '97', '9', '14']","[(742, 596, 807, 688), (1074, 597, 1200, 708), (1214, 575, 1331, 694), (837, 584, 920, 672)]"
216,"['Christophe LAPORTE', 'Jonas RUTSCH', 'Christophe LAPORTE']","['14', '97', '9', '14']","[(742, 596, 807, 688), (1074, 597, 1200, 708), (1219, 532, 1338, 658), (837, 584, 920, 672)]"
217,"['Christophe LAPORTE', 'Jonas RUTSCH', 'Christophe LAPORTE', 'Xandro MEURISSE']","['14', '97', '9', '14', '7']","[(742, 596, 807, 688), (1074, 597, 1200, 708), (1219, 532, 1338, 658), (837, 584, 920, 672), (1083, 518, 1209, 616)]"
218,"['Xandro MEURISSE', 'Christophe LAPORTE', 'Christophe LAPORTE']","['9', '7', '14', '14']","[(1223, 475, 1345, 591), (1084, 498, 1210, 609), (752, 500, 821, 588), (845, 485, 929, 567)]"
219,"['Jonas RUTSCH', 'Christophe LAPORTE', 'Christophe LAPORTE']","['9', '97', '14', '14']","[(1225, 473, 1347, 584), (1089, 496, 1216, 608), (750, 499, 822, 587), (851, 472, 948, 569)]"
220,"['Jonas RUTSCH', 'Christophe LAPORTE', 'Christophe LAPORTE']","['9', '97', '14', '14']","[(1221, 472, 1347, 586), (1088, 496, 1219, 608), (747, 499, 817, 585), (840, 482, 932, 566)]"
221,"['Jonas RUTSCH', 'Christophe LAPORTE', 'Christophe LAPORTE']","['9', '97', '14', '14']","[(1217, 471, 1344, 581), (1078, 499, 1207, 606), (744, 503, 813, 590), (836, 489, 930, 569)]"
222,"['Jonas RUTSCH', 'Christophe LAPORTE', 'Christophe LAPORTE']","['9', '97', '14', '14']","[(1217, 475, 1344, 589), (1078, 504, 1207, 609), (744, 509, 813, 594), (833, 495, 929, 576)]"
223,"['Jonas RUTSCH', 'Christophe LAPORTE', 'Christophe LAPORTE']","['9', '97', '14', '14']","[(1215, 478, 1348, 601), (1078, 507, 1207, 621), (743, 511, 812, 594), (831, 501, 910, 578)]"
224,"['Jonas RUTSCH', 'Christophe LAPORTE', 'Christophe LAPORTE']","['9', '97', '14', '14']","[(1221, 480, 1349, 598), (1086, 506, 1211, 621), (740, 511, 808, 596), (833, 502, 917, 582)]"
225,"['Jonas RUTSCH', 'Christophe LAPORTE', 'Christophe LAPORTE', 'Gianni VERMEERSCH']","['9', '97', '14', '14', '6']","[(1225, 478, 1350, 591), (1088, 504, 1212, 616), (734, 502, 800, 591), (829, 502, 917, 583), (889, 449, 955, 503)]"
226,"['Jonas RUTSCH', 'Christophe LAPORTE', 'Christophe LAPORTE', 'Gianni VERMEERSCH']","['9', '97', '14', '14', '6']","[(1226, 476, 1349, 591), (1089, 499, 1214, 613), (731, 497, 798, 587), (827, 502, 906, 581), (889, 449, 955, 503)]"
227,"['Jonas RUTSCH', 'Christophe LAPORTE', 'Christophe LAPORTE', 'Gianni VERMEERSCH']","['9', '97', '14', '14', '6']","[(1235, 475, 1349, 592), (1093, 494, 1217, 608), (730, 495, 794, 583), (827, 502, 906, 583), (889, 449, 955, 503)]"
228,"['Jonas RUTSCH', 'Christophe LAPORTE', 'Christophe LAPORTE']","['9', '97', '14', '14']","[(1236, 468, 1357, 592), (1095, 487, 1219, 597), (730, 491, 795, 576), (828, 495, 906, 577)]"
229,"['Jonas RUTSCH', 'Christophe LAPORTE', 'Christophe LAPORTE']","['9', '97', '14', '14']","[(1240, 459, 1361, 583), (1100, 476, 1223, 590), (732, 476, 796, 559), (828, 481, 909, 564)]"
230,"['Jonas RUTSCH', 'Christophe LAPORTE', 'Christophe LAPORTE']","['9', '97', '14', '14']","[(1243, 451, 1371, 579), (1107, 469, 1233, 575), (733, 468, 796, 553), (829, 470, 910, 555)]"
231,"['Jonas RUTSCH', 'Christophe LAPORTE', 'Christophe LAPORTE']","['9', '97', '14', '14']","[(1259, 449, 1379, 572), (1116, 459, 1241, 566), (732, 461, 798, 547), (830, 463, 913, 548)]"
232,"['Jonas RUTSCH', 'Christophe LAPORTE', 'Christophe LAPORTE']","['9', '97', '14', '14']","[(1266, 443, 1389, 564), (1122, 457, 1253, 567), (736, 461, 801, 545), (834, 460, 920, 542)]"
233,"['Jonas RUTSCH', 'Christophe LAPORTE', 'Christophe LAPORTE']","['9', '97', '14', '14']","[(1277, 446, 1400, 571), (1133, 463, 1263, 565), (742, 465, 807, 550), (838, 460, 924, 545)]"
234,"['Jonas RUTSCH', 'Christophe LAPORTE', 'Christophe LAPORTE']","['9', '97', '14', '14']","[(1285, 453, 1408, 576), (1143, 467, 1277, 576), (747, 465, 814, 552), (845, 461, 930, 546)]"
235,"['Jonas RUTSCH', 'Christophe LAPORTE', 'Christophe LAPORTE']","['9', '97', '14', '14']","[(1293, 454, 1420, 578), (1152, 466, 1286, 579), (756, 468, 823, 558), (852, 464, 939, 548)]"
236,"['Jonas RUTSCH', 'Christophe LAPORTE', 'Christophe LAPORTE']","['9', '97', '14', '14']","[(1308, 455, 1430, 577), (1162, 470, 1296, 585), (762, 473, 832, 562), (860, 465, 949, 551)]"
237,"['Jonas RUTSCH', 'Christophe LAPORTE', 'Christophe LAPORTE']","['9', '97', '14', '14']","[(1314, 453, 1443, 578), (1170, 467, 1302, 582), (772, 470, 842, 561), (869, 461, 958, 548)]"
238,"['Jonas RUTSCH', 'Christophe LAPORTE', 'Christophe LAPORTE']","['9', '97', '14', '14']","[(1323, 441, 1452, 580), (1183, 464, 1312, 576), (778, 465, 850, 557), (877, 454, 966, 542)]"
239,"['Jonas RUTSCH', 'Christophe LAPORTE', 'Christophe LAPORTE']","['9', '97', '14', '14']","[(1334, 430, 1459, 561), (1191, 449, 1322, 564), (790, 448, 860, 539), (887, 438, 971, 527)]"
240,"['Jonas RUTSCH', 'Christophe LAPORTE', 'Christophe LAPORTE']","['9', '97', '14', '14']","[(1343, 415, 1473, 539), (1199, 431, 1332, 549), (798, 433, 868, 529), (898, 433, 985, 513)]"
241,"['Jonas RUTSCH', 'Christophe LAPORTE', 'Christophe LAPORTE']","['9', '97', '14', '14']","[(1357, 407, 1482, 528), (1212, 423, 1341, 542), (804, 427, 876, 518), (907, 422, 988, 507)]"
242,"['Jonas RUTSCH', 'Christophe LAPORTE', 'Christophe LAPORTE']","['9', '97', '14', '14']","[(1365, 408, 1492, 527), (1219, 425, 1347, 545), (814, 428, 885, 517), (915, 424, 995, 510)]"
243,"['Jonas RUTSCH', 'Christophe LAPORTE', 'Christophe LAPORTE']","['9', '97', '14', '14']","[(1380, 407, 1502, 527), (1237, 427, 1361, 548), (823, 424, 888, 512), (924, 424, 1001, 509)]"
244,"['Jonas RUTSCH', 'Christophe LAPORTE', 'Christophe LAPORTE']","['9', '97', '14', '14']","[(1388, 414, 1520, 540), (1244, 428, 1377, 552), (829, 426, 893, 516), (929, 428, 1006, 512)]"
245,"['Jonas RUTSCH', 'Christophe LAPORTE', 'Christophe LAPORTE']","['9', '97', '14', '14']","[(1407, 426, 1532, 557), (1262, 443, 1390, 562), (831, 432, 900, 523), (934, 431, 1010, 516)]"
246,"['Jonas RUTSCH', 'Christophe LAPORTE', 'Christophe LAPORTE']","['9', '97', '14', '14']","[(1422, 437, 1549, 565), (1279, 454, 1404, 572), (838, 439, 908, 530), (941, 438, 1012, 523)]"
247,"['Jonas RUTSCH', 'Christophe LAPORTE', 'Christophe LAPORTE']","['9', '97', '14', '14']","[(1435, 443, 1563, 572), (1290, 458, 1424, 577), (847, 450, 911, 540), (947, 451, 1019, 535)]"
248,"['Jonas RUTSCH', 'Christophe LAPORTE', 'Christophe LAPORTE']","['9', '97', '14', '14']","[(1452, 450, 1577, 570), (1304, 463, 1434, 577), (847, 463, 914, 556), (947, 462, 1026, 547)]"
249,"['Jonas RUTSCH', 'Christophe LAPORTE', 'Christophe LAPORTE']","['9', '97', '14', '14']","[(1459, 453, 1588, 571), (1313, 467, 1448, 581), (854, 469, 917, 563), (950, 467, 1031, 552)]"
250,"['Jonas RUTSCH', 'Jonas RUTSCH', 'Christophe LAPORTE', 'Christophe LAPORTE']","['97', '97', '14', '14']","[(1465, 450, 1600, 580), (1324, 475, 1461, 589), (856, 475, 921, 566), (954, 469, 1037, 555)]"
251,"['Jonas RUTSCH', 'Jonas RUTSCH', 'Christophe LAPORTE', 'Christophe LAPORTE']","['97', '97', '14', '14']","[(1479, 456, 1608, 575), (1336, 476, 1474, 594), (855, 476, 922, 569), (954, 469, 1037, 555)]"
252,"['Jonas RUTSCH', 'Jonas RUTSCH', 'Christophe LAPORTE', 'Christophe LAPORTE']","['97', '97', '14', '14']","[(1484, 456, 1613, 575), (1342, 476, 1479, 595), (853, 476, 921, 569), (953, 470, 1038, 554)]"
253,"['Jonas RUTSCH', 'Jonas RUTSCH', 'Christophe LAPORTE', 'Christophe LAPORTE']","['97', '97', '14', '14']","[(1485, 456, 1616, 575), (1346, 479, 1482, 599), (850, 478, 919, 571), (948, 473, 1034, 555)]"
254,"['Jonas RUTSCH', 'Jonas RUTSCH', 'Christophe LAPORTE', 'Christophe LAPORTE']","['97', '97', '14', '14']","[(1480, 456, 1615, 576), (1345, 482, 1480, 597), (846, 480, 915, 572), (944, 473, 1027, 556)]"
255,"['Jonas RUTSCH', 'Jonas RUTSCH', 'Christophe LAPORTE', 'Christophe LAPORTE']","['97', '97', '14', '14']","[(1478, 458, 1613, 578), (1340, 486, 1478, 599), (841, 484, 908, 579), (932, 476, 1022, 558)]"
256,"['Jonas RUTSCH', 'Jonas RUTSCH', 'Christophe LAPORTE', 'Christophe LAPORTE']","['97', '97', '14', '14']","[(1478, 461, 1615, 586), (1341, 488, 1479, 603), (832, 485, 902, 583), (928, 477, 1016, 560)]"
257,"['Jonas RUTSCH', 'Jonas RUTSCH', 'Christophe LAPORTE', 'Christophe LAPORTE']","['97', '97', '14', '14']","[(1481, 465, 1615, 586), (1340, 490, 1478, 610), (827, 487, 896, 583), (922, 481, 1015, 563)]"
258,"['Jonas RUTSCH', 'Jonas RUTSCH', 'Christophe LAPORTE', 'Christophe LAPORTE']","['97', '97', '14', '14']","[(1480, 465, 1615, 585), (1341, 490, 1474, 608), (820, 487, 889, 580), (920, 482, 1005, 563)]"
259,"['Jonas RUTSCH', 'Jonas RUTSCH', 'Christophe LAPORTE', 'Christophe LAPORTE']","['97', '97', '14', '14']","[(1477, 465, 1611, 581), (1339, 493, 1472, 612), (813, 483, 881, 578), (912, 478, 992, 565)]"
260,"['Jonas RUTSCH', 'Jonas RUTSCH', 'Christophe LAPORTE', 'Christophe LAPORTE']","['97', '97', '14', '14']","[(1475, 463, 1608, 581), (1337, 490, 1470, 612), (805, 480, 875, 572), (905, 478, 984, 565)]"
261,"['Jonas RUTSCH', 'Jonas RUTSCH', 'Christophe LAPORTE', 'Christophe LAPORTE']","['97', '97', '14', '14']","[(1474, 462, 1604, 578), (1335, 489, 1464, 611), (800, 479, 869, 572), (900, 479, 979, 563)]"
262,"['Jonas RUTSCH', 'Jonas RUTSCH', 'Christophe LAPORTE', 'Christophe LAPORTE']","['97', '97', '14', '14']","[(1469, 456, 1601, 576), (1331, 482, 1464, 606), (795, 477, 861, 568), (896, 476, 975, 565)]"
263,"['Jonas RUTSCH', 'Jonas RUTSCH', 'Christophe LAPORTE', 'Christophe LAPORTE']","['97', '97', '14', '14']","[(1458, 448, 1598, 579), (1329, 480, 1464, 599), (785, 477, 855, 568), (889, 477, 970, 562)]"
264,"['Jonas RUTSCH', 'Jonas RUTSCH', 'Christophe LAPORTE', 'Christophe LAPORTE']","['97', '97', '14', '14']","[(1465, 441, 1599, 576), (1325, 472, 1462, 588), (782, 475, 851, 563), (882, 475, 964, 563)]"
265,"['Jonas RUTSCH', 'Jonas RUTSCH', 'Christophe LAPORTE', 'Christophe LAPORTE']","['97', '97', '14', '14']","[(1471, 433, 1598, 566), (1328, 461, 1466, 575), (778, 471, 845, 564), (876, 469, 960, 557)]"
266,"['Jonas RUTSCH', 'Jonas RUTSCH', 'Christophe LAPORTE', 'Christophe LAPORTE']","['97', '97', '14', '14']","[(1466, 424, 1601, 553), (1327, 448, 1470, 562), (771, 467, 839, 560), (871, 459, 956, 549)]"
267,"['Jonas RUTSCH', 'Jonas RUTSCH', 'Christophe LAPORTE', 'Christophe LAPORTE']","['97', '97', '14', '14']","[(1461, 409, 1596, 531), (1322, 441, 1466, 548), (765, 454, 834, 544), (867, 444, 951, 535)]"
268,"['Jonas RUTSCH', 'Jonas RUTSCH', 'Christophe LAPORTE', 'Christophe LAPORTE']","['97', '97', '14', '14']","[(1455, 402, 1592, 526), (1315, 420, 1461, 535), (759, 436, 830, 530), (857, 428, 950, 518)]"
269,"['Jonas RUTSCH', 'Jonas RUTSCH', 'Christophe LAPORTE', 'Christophe LAPORTE']","['97', '97', '14', '14']","[(1444, 388, 1576, 506), (1307, 416, 1452, 530), (755, 427, 827, 521), (854, 420, 945, 508)]"
270,"['Jonas RUTSCH', 'Jonas RUTSCH', 'Christophe LAPORTE', 'Christophe LAPORTE']","['97', '97', '14', '14']","[(1427, 382, 1559, 498), (1290, 402, 1442, 523), (745, 423, 818, 518), (846, 414, 942, 500)]"
271,"['Jonas RUTSCH', 'Jonas RUTSCH', 'Christophe LAPORTE', 'Christophe LAPORTE']","['97', '97', '14', '14']","[(1410, 367, 1542, 482), (1268, 388, 1424, 510), (734, 415, 807, 512), (832, 404, 924, 493)]"
272,"['Jonas RUTSCH', 'Jonas RUTSCH', 'Christophe LAPORTE', 'Christophe LAPORTE']","['97', '97', '14', '14']","[(1391, 359, 1529, 476), (1255, 381, 1403, 498), (729, 406, 801, 505), (827, 395, 915, 483)]"
273,"['Jonas RUTSCH', 'Jonas RUTSCH', 'Christophe LAPORTE', 'Christophe LAPORTE']","['97', '97', '14', '14']","[(1380, 350, 1514, 465), (1240, 368, 1390, 489), (716, 398, 791, 496), (824, 388, 907, 478)]"
274,"['Jonas RUTSCH', 'Jonas RUTSCH', 'Christophe LAPORTE', 'Christophe LAPORTE']","['97', '97', '14', '14']","[(1374, 344, 1509, 471), (1234, 368, 1378, 489), (710, 387, 782, 487), (811, 382, 898, 473)]"
275,"['Jonas RUTSCH', 'Jonas RUTSCH', 'Christophe LAPORTE', 'Christophe LAPORTE']","['97', '97', '14', '14']","[(1363, 345, 1495, 469), (1220, 363, 1360, 483), (703, 379, 775, 479), (807, 380, 889, 469)]"
276,"['Jonas RUTSCH', 'Jonas RUTSCH', 'Christophe LAPORTE', 'Christophe LAPORTE']","['97', '97', '14', '14']","[(1351, 352, 1481, 475), (1211, 371, 1350, 488), (695, 381, 766, 476), (802, 381, 885, 466)]"
277,"['Jonas RUTSCH', 'Jonas RUTSCH', 'Christophe LAPORTE', 'Christophe LAPORTE']","['97', '97', '14', '14']","[(1336, 361, 1464, 484), (1194, 376, 1331, 498), (686, 385, 759, 482), (794, 385, 880, 477)]"
278,"['Jonas RUTSCH', 'Jonas RUTSCH', 'Christophe LAPORTE', 'Christophe LAPORTE']","['97', '97', '14', '14']","[(1331, 375, 1452, 496), (1183, 390, 1319, 508), (685, 396, 754, 490), (791, 397, 872, 488)]"
279,"['Jonas RUTSCH', 'Jonas RUTSCH', 'Christophe LAPORTE', 'Christophe LAPORTE']","['97', '97', '14', '14']","[(1320, 383, 1442, 506), (1170, 395, 1305, 519), (684, 406, 752, 501), (786, 410, 872, 501)]"
280,"['Jonas RUTSCH', 'Jonas RUTSCH', 'Christophe LAPORTE', 'Christophe LAPORTE']","['97', '97', '14', '14']","[(1312, 394, 1431, 517), (1166, 410, 1303, 523), (681, 421, 750, 513), (787, 423, 871, 511)]"
281,"['Jonas RUTSCH', 'Jonas RUTSCH', 'Christophe LAPORTE', 'Christophe LAPORTE']","['97', '97', '14', '14']","[(1298, 398, 1425, 531), (1152, 415, 1288, 530), (678, 429, 750, 524), (784, 431, 869, 520)]"
282,"['Jonas RUTSCH', 'Jonas RUTSCH', 'Christophe LAPORTE', 'Christophe LAPORTE']","['97', '97', '14', '14']","[(1289, 407, 1415, 526), (1143, 420, 1282, 539), (679, 440, 750, 536), (783, 439, 871, 529)]"
283,"['Jonas RUTSCH', 'Jonas RUTSCH', 'Christophe LAPORTE', 'Christophe LAPORTE']","['97', '97', '14', '14']","[(1282, 409, 1408, 541), (1135, 430, 1281, 548), (680, 445, 750, 541), (784, 442, 871, 534)]"
284,"['Jonas RUTSCH', 'Jonas RUTSCH', 'Christophe LAPORTE', 'Christophe LAPORTE']","['97', '97', '14', '14']","[(1265, 415, 1397, 543), (1123, 438, 1264, 545), (677, 450, 749, 544), (783, 442, 870, 534)]"
285,"['Jonas RUTSCH', 'Jonas RUTSCH', 'Christophe LAPORTE', 'Christophe LAPORTE']","['97', '97', '14', '14']","[(1251, 418, 1383, 543), (1111, 443, 1256, 554), (678, 452, 750, 545), (782, 445, 868, 534)]"
286,"['Jonas RUTSCH', 'Jonas RUTSCH', 'Christophe LAPORTE', 'Christophe LAPORTE']","['97', '97', '14', '14']","[(1236, 424, 1374, 549), (1094, 449, 1237, 562), (674, 454, 747, 546), (776, 448, 868, 536)]"
287,"['Jonas RUTSCH', 'Jonas RUTSCH', 'Christophe LAPORTE', 'Christophe LAPORTE']","['97', '97', '14', '14']","[(1226, 429, 1357, 553), (1083, 452, 1227, 573), (671, 454, 745, 546), (779, 445, 867, 531)]"
288,"['Jonas RUTSCH', 'Jonas RUTSCH', 'Christophe LAPORTE', 'Christophe LAPORTE']","['97', '97', '14', '14']","[(1224, 426, 1356, 550), (1079, 451, 1215, 559), (673, 448, 745, 542), (776, 438, 867, 528)]"
289,"['Jonas RUTSCH', 'Jonas RUTSCH', 'Christophe LAPORTE', 'Christophe LAPORTE']","['97', '97', '14', '14']","[(1221, 398, 1353, 520), (1078, 428, 1212, 531), (677, 418, 746, 515), (778, 409, 869, 506)]"
290,"['Jonas RUTSCH', 'Jonas RUTSCH', 'Christophe LAPORTE', 'Christophe LAPORTE']","['97', '97', '14', '14']","[(1223, 364, 1351, 491), (1074, 386, 1207, 495), (677, 418, 746, 515), (779, 378, 872, 477)]"
291,"['Jonas RUTSCH', 'Jonas RUTSCH', 'Christophe LAPORTE', 'Christophe LAPORTE']","['97', '97', '14', '14']","[(1219, 340, 1346, 472), (1070, 362, 1204, 478), (680, 363, 747, 463), (778, 359, 873, 453)]"
292,"['Jonas RUTSCH', 'Jonas RUTSCH', 'Christophe LAPORTE', 'Christophe LAPORTE']","['97', '97', '14', '14']","[(1221, 332, 1343, 467), (1071, 350, 1193, 468), (678, 347, 745, 448), (780, 345, 871, 444)]"
293,"['Jonas RUTSCH', 'Jonas RUTSCH', 'Christophe LAPORTE', 'Christophe LAPORTE']","['97', '97', '14', '14']","[(1222, 318, 1344, 458), (1070, 333, 1194, 454), (677, 329, 751, 432), (782, 332, 875, 428)]"
294,"['Jonas RUTSCH', 'Jonas RUTSCH', 'Christophe LAPORTE', 'Christophe LAPORTE']","['97', '97', '14', '14']","[(1228, 313, 1343, 450), (1072, 323, 1198, 448), (682, 324, 756, 423), (788, 325, 882, 422)]"
295,"['Jonas RUTSCH', 'Jonas RUTSCH', 'Christophe LAPORTE', 'Christophe LAPORTE']","['97', '97', '14', '14']","[(1235, 312, 1347, 442), (1076, 319, 1204, 445), (685, 317, 767, 418), (796, 320, 888, 419)]"
296,"['Jonas RUTSCH', 'Jonas RUTSCH', 'Christophe LAPORTE', 'Christophe LAPORTE']","['97', '97', '14', '14']","[(1237, 311, 1352, 442), (1074, 318, 1205, 439), (696, 312, 773, 411), (806, 315, 894, 413)]"
297,"['Jonas RUTSCH', 'Jonas RUTSCH', 'Christophe LAPORTE', 'Christophe LAPORTE']","['97', '97', '14', '14']","[(1237, 312, 1353, 446), (1075, 322, 1207, 446), (703, 313, 779, 412), (810, 316, 899, 413)]"
298,"['Jonas RUTSCH', 'Jonas RUTSCH', 'Christophe LAPORTE', 'Christophe LAPORTE']","['97', '97', '14', '14']","[(1234, 316, 1353, 457), (1074, 330, 1209, 454), (707, 316, 784, 416), (815, 316, 904, 415)]"
299,"['Jonas RUTSCH', 'Jonas RUTSCH', 'Christophe LAPORTE', 'Christophe LAPORTE']","['97', '97', '14', '14']","[(1233, 314, 1352, 452), (1072, 331, 1206, 458), (710, 316, 789, 419), (818, 316, 915, 415)]"
300,"['Jonas RUTSCH', 'Jonas RUTSCH', 'Christophe LAPORTE', 'Christophe LAPORTE']","['97', '97', '14', '14']","[(1222, 311, 1349, 437), (1070, 326, 1202, 449), (720, 312, 796, 415), (825, 309, 922, 409)]"
301,"['Jonas RUTSCH', 'Jonas RUTSCH', 'Christophe LAPORTE', 'Christophe LAPORTE']","['97', '97', '14', '14']","[(1218, 307, 1349, 436), (1066, 327, 1202, 449), (728, 307, 802, 410), (831, 300, 927, 401)]"
302,"['Jonas RUTSCH', 'Jonas RUTSCH', 'Christophe LAPORTE', 'Christophe LAPORTE']","['97', '97', '14', '14']","[(1218, 292, 1348, 434), (1065, 319, 1198, 439), (734, 301, 806, 403), (835, 294, 928, 390)]"
303,"['Jonas RUTSCH', 'Jonas RUTSCH', 'Christophe LAPORTE', 'Christophe LAPORTE']","['97', '97', '14', '14']","[(1220, 279, 1349, 412), (1070, 303, 1205, 424), (731, 288, 810, 394), (838, 285, 938, 381)]"
304,"['Jonas RUTSCH', 'Jonas RUTSCH', 'Christophe LAPORTE', 'Christophe LAPORTE']","['97', '97', '14', '14']","[(1222, 265, 1351, 398), (1069, 289, 1206, 411), (736, 283, 814, 384), (840, 275, 937, 371)]"
305,"['Jonas RUTSCH', 'Jonas RUTSCH', 'Christophe LAPORTE', 'Christophe LAPORTE']","['97', '97', '14', '14']","[(1223, 259, 1354, 388), (1069, 280, 1201, 405), (736, 278, 816, 383), (840, 270, 937, 368)]"
306,"['Jonas RUTSCH', 'Jonas RUTSCH', 'Christophe LAPORTE', 'Christophe LAPORTE']","['97', '97', '14', '14']","[(1222, 256, 1351, 386), (1070, 280, 1199, 399), (741, 274, 817, 377), (845, 268, 942, 364)]"
307,"['Jonas RUTSCH', 'Jonas RUTSCH', 'Christophe LAPORTE', 'Christophe LAPORTE']","['97', '97', '14', '14']","[(1225, 256, 1356, 388), (1074, 277, 1200, 403), (744, 272, 817, 372), (849, 267, 943, 362)]"
308,"['Jonas RUTSCH', 'Jonas RUTSCH', 'Christophe LAPORTE', 'Christophe LAPORTE']","['97', '97', '14', '14']","[(1227, 262, 1359, 387), (1074, 277, 1203, 410), (747, 270, 819, 368), (854, 268, 945, 363)]"
309,"['Jonas RUTSCH', 'Jonas RUTSCH', 'Christophe LAPORTE', 'Christophe LAPORTE']","['97', '97', '14', '14']","[(1235, 259, 1363, 390), (1085, 278, 1214, 411), (749, 269, 821, 368), (856, 268, 945, 364)]"
310,"['Jonas RUTSCH', 'Jonas RUTSCH', 'Christophe LAPORTE', 'Christophe LAPORTE']","['97', '97', '14', '14']","[(1238, 258, 1373, 390), (1090, 276, 1221, 400), (750, 268, 824, 367), (858, 269, 947, 365)]"
311,"['Jonas RUTSCH', 'Jonas RUTSCH', 'Christophe LAPORTE', 'Christophe LAPORTE']","['97', '97', '14', '14']","[(1248, 251, 1379, 385), (1098, 270, 1234, 394), (753, 270, 828, 367), (861, 270, 950, 366)]"
312,"['Jonas RUTSCH', 'Jonas RUTSCH', 'Christophe LAPORTE', 'Christophe LAPORTE']","['97', '97', '14', '14']","[(1259, 245, 1381, 379), (1099, 267, 1237, 392), (756, 265, 831, 366), (863, 269, 954, 365)]"
313,"['Jonas RUTSCH', 'Jonas RUTSCH', 'Christophe LAPORTE', 'Christophe LAPORTE']","['97', '97', '14', '14']","[(1262, 256, 1388, 379), (1107, 273, 1244, 395), (756, 263, 834, 363), (863, 265, 954, 361)]"
314,"['Jonas RUTSCH', 'Jonas RUTSCH', 'Christophe LAPORTE', 'Christophe LAPORTE']","['97', '97', '14', '14']","[(1262, 259, 1391, 384), (1113, 280, 1250, 400), (757, 269, 836, 369), (866, 268, 960, 361)]"
315,"['Jonas RUTSCH', 'Jonas RUTSCH', 'Christophe LAPORTE', 'Christophe LAPORTE']","['97', '97', '14', '14']","[(1267, 263, 1395, 387), (1115, 286, 1250, 403), (766, 273, 839, 369), (871, 270, 967, 363)]"
316,"['Jonas RUTSCH', 'Jonas RUTSCH', 'Christophe LAPORTE', 'Christophe LAPORTE']","['97', '97', '14', '14']","[(1264, 261, 1397, 386), (1116, 285, 1252, 403), (772, 274, 846, 373), (876, 271, 970, 364)]"
317,"['Jonas RUTSCH', 'Jonas RUTSCH', 'Christophe LAPORTE', 'Christophe LAPORTE']","['97', '97', '14', '14']","[(1261, 261, 1390, 384), (1116, 284, 1252, 402), (774, 276, 848, 379), (879, 271, 974, 366)]"
318,"['Jonas RUTSCH', 'Jonas RUTSCH', 'Christophe LAPORTE', 'Christophe LAPORTE']","['97', '97', '14', '14']","[(1258, 264, 1387, 387), (1111, 290, 1243, 411), (779, 280, 852, 384), (881, 275, 973, 368)]"
319,"['Jonas RUTSCH', 'Jonas RUTSCH', 'Christophe LAPORTE', 'Christophe LAPORTE']","['97', '97', '14', '14']","[(1256, 268, 1382, 395), (1107, 297, 1238, 415), (780, 285, 852, 389), (879, 283, 975, 373)]"
320,"['Jonas RUTSCH', 'Jonas RUTSCH', 'Christophe LAPORTE', 'Christophe LAPORTE']","['97', '97', '14', '14']","[(1253, 267, 1378, 396), (1104, 302, 1237, 416), (778, 296, 851, 397), (876, 287, 971, 378)]"
321,"['Jonas RUTSCH', 'Jonas RUTSCH', 'Christophe LAPORTE', 'Christophe LAPORTE']","['97', '97', '14', '14']","[(1249, 278, 1375, 405), (1102, 303, 1229, 428), (780, 297, 849, 401), (875, 291, 969, 382)]"
322,"['Jonas RUTSCH', 'Jonas RUTSCH', 'Christophe LAPORTE', 'Christophe LAPORTE']","['97', '97', '14', '14']","[(1254, 282, 1378, 413), (1104, 308, 1227, 434), (775, 305, 847, 404), (874, 298, 966, 387)]"
323,"['Jonas RUTSCH', 'Jonas RUTSCH', 'Christophe LAPORTE', 'Christophe LAPORTE']","['97', '97', '14', '14']","[(1251, 293, 1377, 423), (1103, 314, 1230, 444), (773, 308, 846, 408), (875, 303, 967, 393)]"
324,"['Jonas RUTSCH', 'Jonas RUTSCH', 'Christophe LAPORTE', 'Christophe LAPORTE']","['97', '97', '14', '14']","[(1249, 302, 1372, 425), (1104, 320, 1226, 450), (775, 310, 843, 408), (873, 309, 965, 398)]"
325,"['Jonas RUTSCH', 'Jonas RUTSCH', 'Christophe LAPORTE', 'Christophe LAPORTE']","['97', '97', '14', '14']","[(1252, 304, 1376, 432), (1105, 321, 1226, 450), (768, 317, 840, 412), (873, 315, 961, 407)]"
326,"['Jonas RUTSCH', 'Jonas RUTSCH', 'Christophe LAPORTE', 'Christophe LAPORTE']","['97', '97', '14', '14']","[(1254, 307, 1376, 431), (1107, 325, 1227, 454), (768, 319, 838, 414), (873, 319, 959, 413)]"
327,"['Jonas RUTSCH', 'Jonas RUTSCH', 'Christophe LAPORTE', 'Christophe LAPORTE']","['97', '97', '14', '14']","[(1259, 311, 1373, 438), (1107, 331, 1229, 455), (763, 321, 838, 416), (872, 324, 958, 420)]"
328,"['Jonas RUTSCH', 'Jonas RUTSCH', 'Christophe LAPORTE', 'Christophe LAPORTE']","['97', '97', '14', '14']","[(1260, 313, 1375, 449), (1109, 334, 1233, 456), (757, 324, 836, 420), (870, 330, 956, 422)]"
329,"['Jonas RUTSCH', 'Jonas RUTSCH', 'Christophe LAPORTE', 'Christophe LAPORTE']","['97', '97', '14', '14']","[(1262, 315, 1377, 449), (1108, 334, 1234, 457), (758, 326, 836, 422), (866, 330, 956, 421)]"
330,"['Jonas RUTSCH', 'Jonas RUTSCH', 'Christophe LAPORTE', 'Christophe LAPORTE']","['97', '97', '14', '14']","[(1260, 316, 1377, 446), (1105, 337, 1233, 457), (756, 330, 833, 422), (865, 332, 951, 425)]"
331,"['Jonas RUTSCH', 'Jonas RUTSCH', 'Christophe LAPORTE', 'Christophe LAPORTE']","['97', '97', '14', '14']","[(1254, 324, 1377, 467), (1103, 344, 1233, 469), (756, 332, 831, 426), (861, 332, 950, 426)]"
332,"['Jonas RUTSCH', 'Jonas RUTSCH', 'Christophe LAPORTE', 'Christophe LAPORTE']","['97', '97', '14', '14']","[(1248, 334, 1373, 465), (1098, 355, 1228, 479), (758, 343, 829, 438), (863, 340, 949, 432)]"
333,"['Jonas RUTSCH', 'Jonas RUTSCH', 'Christophe LAPORTE', 'Christophe LAPORTE']","['97', '97', '14', '14']","[(1244, 343, 1366, 468), (1097, 366, 1228, 482), (758, 348, 829, 443), (862, 343, 951, 437)]"
334,"['Jonas RUTSCH', 'Jonas RUTSCH', 'Christophe LAPORTE', 'Christophe LAPORTE']","['97', '97', '14', '14']","[(1239, 350, 1361, 472), (1092, 373, 1222, 488), (759, 357, 831, 450), (863, 351, 954, 445)]"
335,"['Jonas RUTSCH', 'Jonas RUTSCH', 'Christophe LAPORTE', 'Christophe LAPORTE']","['97', '97', '14', '14']","[(1234, 355, 1354, 477), (1090, 378, 1220, 497), (761, 362, 835, 458), (861, 355, 959, 446)]"
336,"['Jonas RUTSCH', 'Jonas RUTSCH', 'Christophe LAPORTE', 'Christophe LAPORTE']","['97', '97', '14', '14']","[(1231, 357, 1353, 480), (1082, 379, 1211, 498), (759, 366, 835, 463), (858, 356, 959, 447)]"
337,"['Jonas RUTSCH', 'Jonas RUTSCH', 'Christophe LAPORTE', 'Christophe LAPORTE']","['97', '97', '14', '14']","[(1225, 358, 1349, 480), (1078, 378, 1208, 501), (756, 366, 831, 463), (855, 355, 954, 445)]"
338,"['Jonas RUTSCH', 'Jonas RUTSCH', 'Christophe LAPORTE', 'Christophe LAPORTE']","['97', '97', '14', '14']","[(1225, 359, 1345, 474), (1078, 378, 1205, 502), (758, 361, 830, 454), (856, 345, 951, 436)]"
339,"['Jonas RUTSCH', 'Jonas RUTSCH', 'Christophe LAPORTE', 'Christophe LAPORTE']","['97', '97', '14', '14']","[(1230, 362, 1347, 483), (1084, 382, 1206, 506), (759, 349, 827, 441), (855, 333, 954, 423)]"
340,"['Jonas RUTSCH', 'Jonas RUTSCH', 'Christophe LAPORTE', 'Christophe LAPORTE']","['97', '97', '14', '14']","[(1230, 369, 1346, 502), (1086, 389, 1203, 512), (764, 334, 833, 424), (861, 318, 956, 407)]"
341,"['Jonas RUTSCH', 'Jonas RUTSCH', 'Christophe LAPORTE', 'Christophe LAPORTE']","['97', '97', '14', '14']","[(1232, 370, 1346, 497), (1090, 389, 1202, 516), (770, 320, 841, 409), (866, 307, 961, 396)]"
342,"['Jonas RUTSCH', 'Jonas RUTSCH', 'Christophe LAPORTE', 'Christophe LAPORTE']","['97', '97', '14', '14']","[(1234, 369, 1346, 497), (1092, 384, 1207, 514), (774, 307, 847, 401), (877, 301, 966, 389)]"
343,"['Jonas RUTSCH', 'Jonas RUTSCH', 'Christophe LAPORTE', 'Christophe LAPORTE']","['97', '97', '14', '14']","[(1234, 364, 1347, 495), (1093, 380, 1208, 511), (778, 307, 850, 401), (881, 304, 970, 391)]"
344,"['Jonas RUTSCH', 'Jonas RUTSCH', 'Christophe LAPORTE', 'Christophe LAPORTE']","['97', '97', '14', '14']","[(1239, 361, 1345, 479), (1094, 377, 1208, 503), (781, 314, 859, 407), (883, 310, 977, 400)]"
345,"['Jonas RUTSCH', 'Jonas RUTSCH', 'Christophe LAPORTE', 'Christophe LAPORTE']","['97', '97', '14', '14']","[(1241, 360, 1352, 484), (1095, 377, 1212, 499), (787, 324, 864, 417), (894, 325, 982, 418)]"
346,"['Jonas RUTSCH', 'Jonas RUTSCH', 'Christophe LAPORTE', 'Christophe LAPORTE']","['97', '97', '14', '14']","[(1241, 356, 1357, 487), (1095, 374, 1215, 496), (791, 335, 869, 429), (900, 338, 986, 429)]"
347,"['Jonas RUTSCH', 'Jonas RUTSCH', 'Christophe LAPORTE', 'Christophe LAPORTE']","['97', '97', '14', '14']","[(1241, 355, 1357, 480), (1096, 373, 1221, 490), (796, 340, 880, 434), (910, 344, 991, 433)]"
348,"['Jonas RUTSCH', 'Jonas RUTSCH', 'Christophe LAPORTE', 'Christophe LAPORTE']","['97', '97', '14', '14']","[(1243, 354, 1369, 475), (1097, 372, 1226, 486), (807, 332, 888, 430), (916, 341, 1001, 431)]"
349,"['Jonas RUTSCH', 'Jonas RUTSCH', 'Christophe LAPORTE', 'Christophe LAPORTE']","['97', '97', '14', '14']","[(1244, 352, 1373, 474), (1100, 369, 1232, 483), (814, 318, 895, 415), (924, 322, 1011, 414)]"
350,"['Jonas RUTSCH', 'Jonas RUTSCH', 'Christophe LAPORTE', 'Christophe LAPORTE']","['97', '97', '14', '14']","[(1249, 349, 1376, 473), (1106, 372, 1237, 481), (823, 298, 898, 389), (930, 300, 1016, 388)]"
351,"['Jonas RUTSCH', 'Jonas RUTSCH', 'Christophe LAPORTE', 'Christophe LAPORTE']","['97', '97', '14', '14']","[(1257, 349, 1379, 476), (1112, 371, 1241, 481), (829, 277, 906, 369), (935, 281, 1025, 372)]"
352,"['Jonas RUTSCH', 'Jonas RUTSCH', 'Christophe LAPORTE', 'Christophe LAPORTE']","['97', '97', '14', '14']","[(1259, 340, 1380, 477), (1112, 361, 1239, 475), (835, 270, 907, 359), (935, 266, 1025, 358)]"
353,"['Jonas RUTSCH', 'Jonas RUTSCH', 'Christophe LAPORTE', 'Christophe LAPORTE']","['97', '97', '14', '14']","[(1248, 331, 1373, 460), (1106, 348, 1235, 468), (838, 265, 910, 357), (935, 261, 1026, 350)]"
354,"['Jonas RUTSCH', 'Jonas RUTSCH', 'Christophe LAPORTE', 'Christophe LAPORTE']","['97', '97', '14', '14']","[(1243, 326, 1363, 451), (1100, 348, 1228, 469), (841, 273, 913, 362), (941, 265, 1031, 352)]"
355,"['Jonas RUTSCH', 'Jonas RUTSCH', 'Christophe LAPORTE', 'Christophe LAPORTE']","['97', '97', '14', '14']","[(1239, 323, 1354, 449), (1099, 345, 1219, 461), (846, 281, 918, 370), (946, 273, 1033, 361)]"
356,"['Jonas RUTSCH', 'Jonas RUTSCH', 'Christophe LAPORTE', 'Christophe LAPORTE']","['97', '97', '14', '14']","[(1239, 323, 1350, 446), (1098, 341, 1213, 463), (843, 290, 918, 383), (939, 283, 1033, 369)]"
